GEOID,county_state,Diocese,Diocese_Detail,Province
36039,"Greene County, New York",Albany,Albany,New York
36025,"Delaware County, New York",Albany,Albany,New York
36091,"Saratoga County, New York",Albany,Albany,New York
36001,"Albany County, New York",Albany,Albany,New York
36043,"Herkimer County, New York",Albany,"Albany, Ogdensburg",New York
36115,"Washington County, New York",Albany,Albany,New York
36021,"Columbia County, New York",Albany,Albany,New York
36093,"Schenectady County, New York",Albany,Albany,New York
36095,"Schoharie County, New York",Albany,Albany,New York
36113,"Warren County, New York",Albany,Albany,New York
36077,"Otsego County, New York",Albany,Albany,New York
36057,"Montgomery County, New York",Albany,Albany,New York
36083,"Rensselaer County, New York",Albany,Albany,New York
36035,"Fulton County, New York",Albany,Albany,New York
22059,"LaSalle Parish, Louisiana",Alexandria,Alexandria,New Orleans
22043,"Grant Parish, Louisiana",Alexandria,Alexandria,New Orleans
22115,"Vernon Parish, Louisiana",Alexandria,Alexandria,New Orleans
22107,"Tensas Parish, Louisiana",Alexandria,Alexandria,New Orleans
22025,"Catahoula Parish, Louisiana",Alexandria,Alexandria,New Orleans
22021,"Caldwell Parish, Louisiana",Alexandria,Alexandria,New Orleans
22065,"Madison Parish, Louisiana",Alexandria,Alexandria,New Orleans
22069,"Natchitoches Parish, Louisiana",Alexandria,Alexandria,New Orleans
22079,"Rapides Parish, Louisiana",Alexandria,Alexandria,New Orleans
22127,"Winn Parish, Louisiana",Alexandria,Alexandria,New Orleans
22009,"Avoyelles Parish, Louisiana",Alexandria,Alexandria,New Orleans
22029,"Concordia Parish, Louisiana",Alexandria,Alexandria,New Orleans
22041,"Franklin Parish, Louisiana",Alexandria,Alexandria,New Orleans
42095,"Northampton County, Pennsylvania",Allentown,Allentown,Philadelphia
42107,"Schuylkill County, Pennsylvania",Allentown,Allentown,Philadelphia
42025,"Carbon County, Pennsylvania",Allentown,Allentown,Philadelphia
42077,"Lehigh County, Pennsylvania",Allentown,Allentown,Philadelphia
42011,"Berks County, Pennsylvania",Allentown,Allentown,Philadelphia
42013,"Blair County, Pennsylvania",Altoona-Johnstown,Altoona-Johnstown,Philadelphia
42035,"Clinton County, Pennsylvania",Altoona-Johnstown,Altoona-Johnstown,Philadelphia
42021,"Cambria County, Pennsylvania",Altoona-Johnstown,Altoona-Johnstown,Philadelphia
42057,"Fulton County, Pennsylvania",Altoona-Johnstown,Altoona-Johnstown,Philadelphia
42061,"Huntingdon County, Pennsylvania",Altoona-Johnstown,Altoona-Johnstown,Philadelphia
42027,"Centre County, Pennsylvania",Altoona-Johnstown,Altoona-Johnstown,Philadelphia
42111,"Somerset County, Pennsylvania",Altoona-Johnstown,Altoona-Johnstown,Philadelphia
42009,"Bedford County, Pennsylvania",Altoona-Johnstown,Altoona-Johnstown,Philadelphia
48359,"Oldham County, Texas",Amarillo,Amarillo,San Antonio
48211,"Hemphill County, Texas",Amarillo,Amarillo,San Antonio
48191,"Hall County, Texas",Amarillo,Amarillo,San Antonio
48437,"Swisher County, Texas",Amarillo,Amarillo,San Antonio
48393,"Roberts County, Texas",Amarillo,Amarillo,San Antonio
48011,"Armstrong County, Texas",Amarillo,Amarillo,San Antonio
48117,"Deaf Smith County, Texas",Amarillo,Amarillo,San Antonio
48375,"Potter County, Texas",Amarillo,Amarillo,San Antonio
48069,"Castro County, Texas",Amarillo,Amarillo,San Antonio
48111,"Dallam County, Texas",Amarillo,Amarillo,San Antonio
48341,"Moore County, Texas",Amarillo,Amarillo,San Antonio
48129,"Donley County, Texas",Amarillo,Amarillo,San Antonio
48065,"Carson County, Texas",Amarillo,Amarillo,San Antonio
48483,"Wheeler County, Texas",Amarillo,Amarillo,San Antonio
48421,"Sherman County, Texas",Amarillo,Amarillo,San Antonio
48369,"Parmer County, Texas",Amarillo,Amarillo,San Antonio
48075,"Childress County, Texas",Amarillo,Amarillo,San Antonio
48295,"Lipscomb County, Texas",Amarillo,Amarillo,San Antonio
48087,"Collingsworth County, Texas",Amarillo,Amarillo,San Antonio
48179,"Gray County, Texas",Amarillo,Amarillo,San Antonio
48195,"Hansford County, Texas",Amarillo,Amarillo,San Antonio
48357,"Ochiltree County, Texas",Amarillo,Amarillo,San Antonio
48045,"Briscoe County, Texas",Amarillo,Amarillo,San Antonio
48205,"Hartley County, Texas",Amarillo,Amarillo,San Antonio
48233,"Hutchinson County, Texas",Amarillo,Amarillo,San Antonio
48381,"Randall County, Texas",Amarillo,Amarillo,San Antonio
02198,"Prince of Wales-Hyder Census Area, Alaska",Anchorage-Juneau,Anchorage-Juneau,Anchorage-Juneau
02164,"Lake and Peninsula Borough, Alaska",Anchorage-Juneau,Anchorage-Juneau,Anchorage-Juneau
02013,"Aleutians East Borough, Alaska",Anchorage-Juneau,Anchorage-Juneau,Anchorage-Juneau
02066,"Copper River Census Area, Alaska",Anchorage-Juneau,Anchorage-Juneau,Anchorage-Juneau
02282,"Yakutat City and Borough, Alaska",Anchorage-Juneau,Anchorage-Juneau,Anchorage-Juneau
02122,"Kenai Peninsula Borough, Alaska",Anchorage-Juneau,Anchorage-Juneau,Anchorage-Juneau
02060,"Bristol Bay Borough, Alaska",Anchorage-Juneau,Anchorage-Juneau,Anchorage-Juneau
02063,"Chugach Census Area, Alaska",Anchorage-Juneau,Anchorage-Juneau,Anchorage-Juneau
02220,"Sitka City and Borough, Alaska",Anchorage-Juneau,Anchorage-Juneau,Anchorage-Juneau
02100,"Haines Borough, Alaska",Anchorage-Juneau,Anchorage-Juneau,Anchorage-Juneau
02130,"Ketchikan Gateway Borough, Alaska",Anchorage-Juneau,Anchorage-Juneau,Anchorage-Juneau
02170,"Matanuska-Susitna Borough, Alaska",Anchorage-Juneau,Anchorage-Juneau,Anchorage-Juneau
02230,"Skagway Municipality, Alaska",Anchorage-Juneau,Anchorage-Juneau,Anchorage-Juneau
02016,"Aleutians West Census Area, Alaska",Anchorage-Juneau,Anchorage-Juneau,Anchorage-Juneau
02150,"Kodiak Island Borough, Alaska",Anchorage-Juneau,Anchorage-Juneau,Anchorage-Juneau
02070,"Dillingham Census Area, Alaska",Anchorage-Juneau,Anchorage-Juneau,Anchorage-Juneau
02020,"Anchorage Municipality, Alaska",Anchorage-Juneau,Anchorage-Juneau,Anchorage-Juneau
02110,"Juneau City and Borough, Alaska",Anchorage-Juneau,Anchorage-Juneau,Anchorage-Juneau
02105,"Hoonah-Angoon Census Area, Alaska",Anchorage-Juneau,Anchorage-Juneau,Anchorage-Juneau
02275,"Wrangell City and Borough, Alaska",Anchorage-Juneau,Anchorage-Juneau,Anchorage-Juneau
02195,"Petersburg Borough, Alaska",Anchorage-Juneau,Anchorage-Juneau,Anchorage-Juneau
51107,"Loudoun County, Virginia",Arlington,Arlington,Baltimore
51153,"Prince William County, Virginia",Arlington,Arlington,Baltimore
51137,"Orange County, Virginia",Arlington,Arlington,Baltimore
51630,"Fredericksburg city, Virginia",Arlington,Arlington,Baltimore
51133,"Northumberland County, Virginia",Arlington,Arlington,Baltimore
51061,"Fauquier County, Virginia",Arlington,Arlington,Baltimore
51103,"Lancaster County, Virginia",Arlington,Arlington,Baltimore
51187,"Warren County, Virginia",Arlington,Arlington,Baltimore
51179,"Stafford County, Virginia",Arlington,Arlington,Baltimore
51113,"Madison County, Virginia",Arlington,Arlington,Baltimore
51840,"Winchester city, Virginia",Arlington,Arlington,Baltimore
51159,"Richmond County, Virginia",Arlington,Arlington,Baltimore
51059,"Fairfax County, Virginia",Arlington,Arlington,Baltimore
51177,"Spotsylvania County, Virginia",Arlington,Arlington,Baltimore
51047,"Culpeper County, Virginia",Arlington,Arlington,Baltimore
51043,"Clarke County, Virginia",Arlington,Arlington,Baltimore
51069,"Frederick County, Virginia",Arlington,Arlington,Baltimore
51193,"Westmoreland County, Virginia",Arlington,Arlington,Baltimore
51171,"Shenandoah County, Virginia",Arlington,Arlington,Baltimore
51099,"King George County, Virginia",Arlington,Arlington,Baltimore
51013,"Arlington County, Virginia",Arlington,Arlington,Baltimore
51139,"Page County, Virginia",Arlington,Arlington,Baltimore
51510,"Alexandria city, Virginia",Arlington,Arlington,Baltimore
51685,"Manassas Park city, Virginia",Arlington,Arlington,Baltimore
51157,"Rappahannock County, Virginia",Arlington,Arlington,Baltimore
51610,"Falls Church city, Virginia",Arlington,Arlington,Baltimore
51683,"Manassas city, Virginia",Arlington,Arlington,Baltimore
51600,"Fairfax city, Virginia",Arlington,Arlington,Baltimore
13137,"Habersham County, Georgia",Atlanta,Atlanta,Atlanta
13085,"Dawson County, Georgia",Atlanta,Atlanta,Atlanta
13083,"Dade County, Georgia",Atlanta,Atlanta,Atlanta
13089,"DeKalb County, Georgia",Atlanta,Atlanta,Atlanta
13047,"Catoosa County, Georgia",Atlanta,Atlanta,Atlanta
13055,"Chattooga County, Georgia",Atlanta,Atlanta,Atlanta
13227,"Pickens County, Georgia",Atlanta,Atlanta,Atlanta
13013,"Barrow County, Georgia",Atlanta,Atlanta,Atlanta
13219,"Oconee County, Georgia",Atlanta,Atlanta,Atlanta
13015,"Bartow County, Georgia",Atlanta,Atlanta,Atlanta
13113,"Fayette County, Georgia",Atlanta,Atlanta,Atlanta
13195,"Madison County, Georgia",Atlanta,Atlanta,Atlanta
13111,"Fannin County, Georgia",Atlanta,Atlanta,Atlanta
13213,"Murray County, Georgia",Atlanta,Atlanta,Atlanta
13045,"Carroll County, Georgia",Atlanta,Atlanta,Atlanta
13105,"Elbert County, Georgia",Atlanta,Atlanta,Atlanta
13313,"Whitfield County, Georgia",Atlanta,Atlanta,Atlanta
13187,"Lumpkin County, Georgia",Atlanta,Atlanta,Atlanta
13035,"Butts County, Georgia",Atlanta,Atlanta,Atlanta
13141,"Hancock County, Georgia",Atlanta,Atlanta,Atlanta
13281,"Towns County, Georgia",Atlanta,Atlanta,Atlanta
13159,"Jasper County, Georgia",Atlanta,Atlanta,Atlanta
13189,"McDuffie County, Georgia",Atlanta,Atlanta,Atlanta
13311,"White County, Georgia",Atlanta,Atlanta,Atlanta
13291,"Union County, Georgia",Atlanta,Atlanta,Atlanta
13257,"Stephens County, Georgia",Atlanta,Atlanta,Atlanta
13317,"Wilkes County, Georgia",Atlanta,Atlanta,Atlanta
13135,"Gwinnett County, Georgia",Atlanta,Atlanta,Atlanta
13057,"Cherokee County, Georgia",Atlanta,Atlanta,Atlanta
13157,"Jackson County, Georgia",Atlanta,Atlanta,Atlanta
13143,"Haralson County, Georgia",Atlanta,Atlanta,Atlanta
13077,"Coweta County, Georgia",Atlanta,Atlanta,Atlanta
13265,"Taliaferro County, Georgia",Atlanta,Atlanta,Atlanta
13255,"Spalding County, Georgia",Atlanta,Atlanta,Atlanta
13119,"Franklin County, Georgia",Atlanta,Atlanta,Atlanta
13181,"Lincoln County, Georgia",Atlanta,Atlanta,Atlanta
13097,"Douglas County, Georgia",Atlanta,Atlanta,Atlanta
13221,"Oglethorpe County, Georgia",Atlanta,Atlanta,Atlanta
13059,"Clarke County, Georgia",Atlanta,Atlanta,Atlanta
13011,"Banks County, Georgia",Atlanta,Atlanta,Atlanta
13121,"Fulton County, Georgia",Atlanta,Atlanta,Atlanta
13009,"Baldwin County, Georgia",Atlanta,Atlanta,Atlanta
13123,"Gilmer County, Georgia",Atlanta,Atlanta,Atlanta
13147,"Hart County, Georgia",Atlanta,Atlanta,Atlanta
13231,"Pike County, Georgia",Atlanta,Atlanta,Atlanta
13301,"Warren County, Georgia",Atlanta,Atlanta,Atlanta
13149,"Heard County, Georgia",Atlanta,Atlanta,Atlanta
13241,"Rabun County, Georgia",Atlanta,Atlanta,Atlanta
13199,"Meriwether County, Georgia",Atlanta,Atlanta,Atlanta
13247,"Rockdale County, Georgia",Atlanta,Atlanta,Atlanta
13293,"Upson County, Georgia",Atlanta,Atlanta,Atlanta
13217,"Newton County, Georgia",Atlanta,Atlanta,Atlanta
13223,"Paulding County, Georgia",Atlanta,Atlanta,Atlanta
13171,"Lamar County, Georgia",Atlanta,Atlanta,Atlanta
13285,"Troup County, Georgia",Atlanta,Atlanta,Atlanta
13297,"Walton County, Georgia",Atlanta,Atlanta,Atlanta
13233,"Polk County, Georgia",Atlanta,Atlanta,Atlanta
13115,"Floyd County, Georgia",Atlanta,Atlanta,Atlanta
13211,"Morgan County, Georgia",Atlanta,Atlanta,Atlanta
13129,"Gordon County, Georgia",Atlanta,Atlanta,Atlanta
13237,"Putnam County, Georgia",Atlanta,Atlanta,Atlanta
13151,"Henry County, Georgia",Atlanta,Atlanta,Atlanta
13117,"Forsyth County, Georgia",Atlanta,Atlanta,Atlanta
13295,"Walker County, Georgia",Atlanta,Atlanta,Atlanta
13067,"Cobb County, Georgia",Atlanta,Atlanta,Atlanta
13139,"Hall County, Georgia",Atlanta,Atlanta,Atlanta
13133,"Greene County, Georgia",Atlanta,Atlanta,Atlanta
13063,"Clayton County, Georgia",Atlanta,Atlanta,Atlanta
13207,"Monroe County, Georgia",Atlanta,Atlanta,Atlanta
48411,"San Saba County, Texas",Austin,Austin,Galveston-Houston
48395,"Robertson County, Texas",Austin,Austin,Galveston-Houston
48027,"Bell County, Texas",Austin,Austin,Galveston-Houston
48209,"Hays County, Texas",Austin,Austin,Galveston-Houston
48145,"Falls County, Texas",Austin,Austin,Galveston-Houston
48287,"Lee County, Texas",Austin,Austin,Galveston-Houston
48491,"Williamson County, Texas",Austin,Austin,Galveston-Houston
48477,"Washington County, Texas",Austin,Austin,Galveston-Houston
48051,"Burleson County, Texas",Austin,Austin,Galveston-Houston
48055,"Caldwell County, Texas",Austin,Austin,Galveston-Houston
48453,"Travis County, Texas",Austin,Austin,Galveston-Houston
48293,"Limestone County, Texas",Austin,Austin,Galveston-Houston
48021,"Bastrop County, Texas",Austin,Austin,Galveston-Houston
48099,"Coryell County, Texas",Austin,Austin,Galveston-Houston
48041,"Brazos County, Texas",Austin,Austin,Galveston-Houston
48299,"Llano County, Texas",Austin,Austin,Galveston-Houston
48193,"Hamilton County, Texas",Austin,Austin,Galveston-Houston
48319,"Mason County, Texas",Austin,Austin,Galveston-Houston
48333,"Mills County, Texas",Austin,Austin,Galveston-Houston
48053,"Burnet County, Texas",Austin,Austin,Galveston-Houston
48331,"Milam County, Texas",Austin,Austin,Galveston-Houston
48031,"Blanco County, Texas",Austin,Austin,Galveston-Houston
48309,"McLennan County, Texas",Austin,Austin,Galveston-Houston
48281,"Lampasas County, Texas",Austin,Austin,Galveston-Houston
41059,"Umatilla County, Oregon",Baker,Baker,Portland in Oregon
41013,"Crook County, Oregon",Baker,Baker,Portland in Oregon
41055,"Sherman County, Oregon",Baker,Baker,Portland in Oregon
41049,"Morrow County, Oregon",Baker,Baker,Portland in Oregon
41031,"Jefferson County, Oregon",Baker,Baker,Portland in Oregon
41001,"Baker County, Oregon",Baker,Baker,Portland in Oregon
41065,"Wasco County, Oregon",Baker,Baker,Portland in Oregon
41045,"Malheur County, Oregon",Baker,Baker,Portland in Oregon
41025,"Harney County, Oregon",Baker,Baker,Portland in Oregon
41063,"Wallowa County, Oregon",Baker,Baker,Portland in Oregon
41069,"Wheeler County, Oregon",Baker,Baker,Portland in Oregon
41023,"Grant County, Oregon",Baker,Baker,Portland in Oregon
41037,"Lake County, Oregon",Baker,Baker,Portland in Oregon
41035,"Klamath County, Oregon",Baker,Baker,Portland in Oregon
41021,"Gilliam County, Oregon",Baker,Baker,Portland in Oregon
41027,"Hood River County, Oregon",Baker,Baker,Portland in Oregon
41061,"Union County, Oregon",Baker,Baker,Portland in Oregon
41017,"Deschutes County, Oregon",Baker,Baker,Portland in Oregon
24003,"Anne Arundel County, Maryland",Baltimore,Baltimore,Baltimore
24005,"Baltimore County, Maryland",Baltimore,Baltimore,Baltimore
24043,"Washington County, Maryland",Baltimore,Baltimore,Baltimore
24001,"Allegany County, Maryland",Baltimore,Baltimore,Baltimore
24013,"Carroll County, Maryland",Baltimore,Baltimore,Baltimore
24023,"Garrett County, Maryland",Baltimore,Baltimore,Baltimore
24021,"Frederick County, Maryland",Baltimore,Baltimore,Baltimore
24027,"Howard County, Maryland",Baltimore,Baltimore,Baltimore
24510,"Baltimore city, Maryland",Baltimore,Baltimore,Baltimore
24025,"Harford County, Maryland",Baltimore,Baltimore,Baltimore
22037,"East Feliciana Parish, Louisiana",Baton Rouge,Baton Rouge,New Orleans
22121,"West Baton Rouge Parish, Louisiana",Baton Rouge,Baton Rouge,New Orleans
22047,"Iberville Parish, Louisiana",Baton Rouge,Baton Rouge,New Orleans
22063,"Livingston Parish, Louisiana",Baton Rouge,Baton Rouge,New Orleans
22093,"St. James Parish, Louisiana",Baton Rouge,Baton Rouge,New Orleans
22007,"Assumption Parish, Louisiana",Baton Rouge,Baton Rouge,New Orleans
22005,"Ascension Parish, Louisiana",Baton Rouge,Baton Rouge,New Orleans
22105,"Tangipahoa Parish, Louisiana",Baton Rouge,Baton Rouge,New Orleans
22091,"St. Helena Parish, Louisiana",Baton Rouge,Baton Rouge,New Orleans
22033,"East Baton Rouge Parish, Louisiana",Baton Rouge,Baton Rouge,New Orleans
22125,"West Feliciana Parish, Louisiana",Baton Rouge,Baton Rouge,New Orleans
22077,"Pointe Coupee Parish, Louisiana",Baton Rouge,Baton Rouge,New Orleans
48373,"Polk County, Texas",Beaumont,Beaumont,Galveston-Houston
48071,"Chambers County, Texas",Beaumont,Beaumont,Galveston-Houston
48199,"Hardin County, Texas",Beaumont,Beaumont,Galveston-Houston
48241,"Jasper County, Texas",Beaumont,Beaumont,Galveston-Houston
48457,"Tyler County, Texas",Beaumont,Beaumont,Galveston-Houston
48245,"Jefferson County, Texas",Beaumont,Beaumont,Galveston-Houston
48361,"Orange County, Texas",Beaumont,Beaumont,Galveston-Houston
48291,"Liberty County, Texas",Beaumont,Beaumont,Galveston-Houston
48351,"Newton County, Texas",Beaumont,Beaumont,Galveston-Houston
17191,"Wayne County, Illinois",Belleville,Belleville,Chicago
17087,"Johnson County, Illinois",Belleville,Belleville,Chicago
17003,"Alexander County, Illinois",Belleville,Belleville,Chicago
17101,"Lawrence County, Illinois",Belleville,Belleville,Chicago
17127,"Massac County, Illinois",Belleville,Belleville,Chicago
17065,"Hamilton County, Illinois",Belleville,Belleville,Chicago
17121,"Marion County, Illinois",Belleville,Belleville,Chicago
17185,"Wabash County, Illinois",Belleville,Belleville,Chicago
17025,"Clay County, Illinois",Belleville,Belleville,Chicago
17069,"Hardin County, Illinois",Belleville,Belleville,Chicago
17193,"White County, Illinois",Belleville,Belleville,Chicago
17027,"Clinton County, Illinois",Belleville,Belleville,Chicago
17145,"Perry County, Illinois",Belleville,Belleville,Chicago
17157,"Randolph County, Illinois",Belleville,Belleville,Chicago
17153,"Pulaski County, Illinois",Belleville,Belleville,Chicago
17047,"Edwards County, Illinois",Belleville,Belleville,Chicago
17199,"Williamson County, Illinois",Belleville,Belleville,Chicago
17133,"Monroe County, Illinois",Belleville,Belleville,Chicago
17159,"Richland County, Illinois",Belleville,Belleville,Chicago
17077,"Jackson County, Illinois",Belleville,Belleville,Chicago
17151,"Pope County, Illinois",Belleville,Belleville,Chicago
17163,"St. Clair County, Illinois",Belleville,Belleville,Chicago
17165,"Saline County, Illinois",Belleville,Belleville,Chicago
17081,"Jefferson County, Illinois",Belleville,Belleville,Chicago
17189,"Washington County, Illinois",Belleville,Belleville,Chicago
17181,"Union County, Illinois",Belleville,Belleville,Chicago
17059,"Gallatin County, Illinois",Belleville,Belleville,Chicago
17055,"Franklin County, Illinois",Belleville,Belleville,Chicago
28111,"Perry County, Mississippi",Biloxi,Biloxi,Mobile
28131,"Stone County, Mississippi",Biloxi,Biloxi,Mobile
28109,"Pearl River County, Mississippi",Biloxi,Biloxi,Mobile
28045,"Hancock County, Mississippi",Biloxi,Biloxi,Mobile
28091,"Marion County, Mississippi",Biloxi,Biloxi,Mobile
28047,"Harrison County, Mississippi",Biloxi,Biloxi,Mobile
28039,"George County, Mississippi",Biloxi,Biloxi,Mobile
28153,"Wayne County, Mississippi",Biloxi,Biloxi,Mobile
28031,"Covington County, Mississippi",Biloxi,Biloxi,Mobile
28065,"Jefferson Davis County, Mississippi",Biloxi,Biloxi,Mobile
28147,"Walthall County, Mississippi",Biloxi,Biloxi,Mobile
28035,"Forrest County, Mississippi",Biloxi,Biloxi,Mobile
28041,"Greene County, Mississippi",Biloxi,Biloxi,Mobile
28059,"Jackson County, Mississippi",Biloxi,Biloxi,Mobile
28073,"Lamar County, Mississippi",Biloxi,Biloxi,Mobile
28077,"Lawrence County, Mississippi",Biloxi,Biloxi,Mobile
28067,"Jones County, Mississippi",Biloxi,Biloxi,Mobile
01103,"Morgan County, Alabama",Birmingham,Birmingham,Mobile
01111,"Randolph County, Alabama",Birmingham,Birmingham,Mobile
01027,"Clay County, Alabama",Birmingham,Birmingham,Mobile
01021,"Chilton County, Alabama",Birmingham,Birmingham,Mobile
01071,"Jackson County, Alabama",Birmingham,Birmingham,Mobile
01083,"Limestone County, Alabama",Birmingham,Birmingham,Mobile
01057,"Fayette County, Alabama",Birmingham,Birmingham,Mobile
01017,"Chambers County, Alabama",Birmingham,Birmingham,Mobile
01037,"Coosa County, Alabama",Birmingham,Birmingham,Mobile
01029,"Cleburne County, Alabama",Birmingham,Birmingham,Mobile
01079,"Lawrence County, Alabama",Birmingham,Birmingham,Mobile
01007,"Bibb County, Alabama",Birmingham,Birmingham,Mobile
01123,"Tallapoosa County, Alabama",Birmingham,Birmingham,Mobile
01043,"Cullman County, Alabama",Birmingham,Birmingham,Mobile
01009,"Blount County, Alabama",Birmingham,Birmingham,Mobile
01093,"Marion County, Alabama",Birmingham,Birmingham,Mobile
01091,"Marengo County, Alabama",Birmingham,Birmingham,Mobile
01115,"St. Clair County, Alabama",Birmingham,Birmingham,Mobile
01077,"Lauderdale County, Alabama",Birmingham,Birmingham,Mobile
01049,"DeKalb County, Alabama",Birmingham,Birmingham,Mobile
01059,"Franklin County, Alabama",Birmingham,Birmingham,Mobile
01055,"Etowah County, Alabama",Birmingham,Birmingham,Mobile
01127,"Walker County, Alabama",Birmingham,Birmingham,Mobile
01065,"Hale County, Alabama",Birmingham,Birmingham,Mobile
01121,"Talladega County, Alabama",Birmingham,Birmingham,Mobile
01133,"Winston County, Alabama",Birmingham,Birmingham,Mobile
01107,"Pickens County, Alabama",Birmingham,Birmingham,Mobile
01019,"Cherokee County, Alabama",Birmingham,Birmingham,Mobile
01073,"Jefferson County, Alabama",Birmingham,Birmingham,Mobile
01015,"Calhoun County, Alabama",Birmingham,Birmingham,Mobile
01117,"Shelby County, Alabama",Birmingham,Birmingham,Mobile
01089,"Madison County, Alabama",Birmingham,Birmingham,Mobile
01119,"Sumter County, Alabama",Birmingham,Birmingham,Mobile
01075,"Lamar County, Alabama",Birmingham,Birmingham,Mobile
01125,"Tuscaloosa County, Alabama",Birmingham,Birmingham,Mobile
01095,"Marshall County, Alabama",Birmingham,Birmingham,Mobile
01105,"Perry County, Alabama",Birmingham,Birmingham,Mobile
01063,"Greene County, Alabama",Birmingham,Birmingham,Mobile
01033,"Colbert County, Alabama",Birmingham,Birmingham,Mobile
38013,"Burke County, North Dakota",Bismark,Bismark,St. Paul and Minneapolis
38033,"Golden Valley County, North Dakota",Bismark,Bismark,St. Paul and Minneapolis
38041,"Hettinger County, North Dakota",Bismark,Bismark,St. Paul and Minneapolis
38101,"Ward County, North Dakota",Bismark,Bismark,St. Paul and Minneapolis
38007,"Billings County, North Dakota",Bismark,Bismark,St. Paul and Minneapolis
38037,"Grant County, North Dakota",Bismark,Bismark,St. Paul and Minneapolis
38057,"Mercer County, North Dakota",Bismark,Bismark,St. Paul and Minneapolis
38023,"Divide County, North Dakota",Bismark,Bismark,St. Paul and Minneapolis
38061,"Mountrail County, North Dakota",Bismark,Bismark,St. Paul and Minneapolis
38025,"Dunn County, North Dakota",Bismark,Bismark,St. Paul and Minneapolis
38015,"Burleigh County, North Dakota",Bismark,Bismark,St. Paul and Minneapolis
38075,"Renville County, North Dakota",Bismark,Bismark,St. Paul and Minneapolis
38065,"Oliver County, North Dakota",Bismark,Bismark,St. Paul and Minneapolis
38055,"McLean County, North Dakota",Bismark,Bismark,St. Paul and Minneapolis
38087,"Slope County, North Dakota",Bismark,Bismark,St. Paul and Minneapolis
38105,"Williams County, North Dakota",Bismark,Bismark,St. Paul and Minneapolis
38053,"McKenzie County, North Dakota",Bismark,Bismark,St. Paul and Minneapolis
38059,"Morton County, North Dakota",Bismark,Bismark,St. Paul and Minneapolis
38089,"Stark County, North Dakota",Bismark,Bismark,St. Paul and Minneapolis
38029,"Emmons County, North Dakota",Bismark,Bismark,St. Paul and Minneapolis
38085,"Sioux County, North Dakota",Bismark,Bismark,St. Paul and Minneapolis
38001,"Adams County, North Dakota",Bismark,Bismark,St. Paul and Minneapolis
38011,"Bowman County, North Dakota",Bismark,Bismark,St. Paul and Minneapolis
16009,"Benewah County, Idaho",Boise,Boise,Portland in Oregon
16025,"Camas County, Idaho",Boise,Boise,Portland in Oregon
16057,"Latah County, Idaho",Boise,Boise,Portland in Oregon
16039,"Elmore County, Idaho",Boise,Boise,Portland in Oregon
16023,"Butte County, Idaho",Boise,Boise,Portland in Oregon
16055,"Kootenai County, Idaho",Boise,Boise,Portland in Oregon
16047,"Gooding County, Idaho",Boise,Boise,Portland in Oregon
16033,"Clark County, Idaho",Boise,Boise,Portland in Oregon
16073,"Owyhee County, Idaho",Boise,Boise,Portland in Oregon
16031,"Cassia County, Idaho",Boise,Boise,Portland in Oregon
16007,"Bear Lake County, Idaho",Boise,Boise,Portland in Oregon
16087,"Washington County, Idaho",Boise,Boise,Portland in Oregon
16051,"Jefferson County, Idaho",Boise,Boise,Portland in Oregon
16043,"Fremont County, Idaho",Boise,"Boise, Cheyenne",Portland in Oregon
16061,"Lewis County, Idaho",Boise,Boise,Portland in Oregon
16005,"Bannock County, Idaho",Boise,Boise,Portland in Oregon
16065,"Madison County, Idaho",Boise,Boise,Portland in Oregon
16029,"Caribou County, Idaho",Boise,Boise,Portland in Oregon
16019,"Bonneville County, Idaho",Boise,Boise,Portland in Oregon
16069,"Nez Perce County, Idaho",Boise,Boise,Portland in Oregon
16015,"Boise County, Idaho",Boise,Boise,Portland in Oregon
16063,"Lincoln County, Idaho",Boise,Boise,Portland in Oregon
16011,"Bingham County, Idaho",Boise,Boise,Portland in Oregon
16077,"Power County, Idaho",Boise,Boise,Portland in Oregon
16021,"Boundary County, Idaho",Boise,Boise,Portland in Oregon
16035,"Clearwater County, Idaho",Boise,Boise,Portland in Oregon
16041,"Franklin County, Idaho",Boise,Boise,Portland in Oregon
16067,"Minidoka County, Idaho",Boise,Boise,Portland in Oregon
16085,"Valley County, Idaho",Boise,Boise,Portland in Oregon
16013,"Blaine County, Idaho",Boise,Boise,Portland in Oregon
16075,"Payette County, Idaho",Boise,Boise,Portland in Oregon
16053,"Jerome County, Idaho",Boise,Boise,Portland in Oregon
16079,"Shoshone County, Idaho",Boise,Boise,Portland in Oregon
16001,"Ada County, Idaho",Boise,Boise,Portland in Oregon
16071,"Oneida County, Idaho",Boise,Boise,Portland in Oregon
16045,"Gem County, Idaho",Boise,Boise,Portland in Oregon
16037,"Custer County, Idaho",Boise,Boise,Portland in Oregon
16081,"Teton County, Idaho",Boise,Boise,Portland in Oregon
16083,"Twin Falls County, Idaho",Boise,Boise,Portland in Oregon
16049,"Idaho County, Idaho",Boise,Boise,Portland in Oregon
16027,"Canyon County, Idaho",Boise,Boise,Portland in Oregon
16059,"Lemhi County, Idaho",Boise,Boise,Portland in Oregon
16003,"Adams County, Idaho",Boise,Boise,Portland in Oregon
16017,"Bonner County, Idaho",Boise,Boise,Portland in Oregon
25021,"Norfolk County, Massachusetts",Boston,Boston,Boston
25017,"Middlesex County, Massachusetts",Boston,Boston,Boston
25025,"Suffolk County, Massachusetts",Boston,Boston,Boston
25023,"Plymouth County, Massachusetts",Boston,"Boston, Fall River",Boston
25009,"Essex County, Massachusetts",Boston,Boston,Boston
09001,"Fairfield County, Connecticut",Bridgeport,Bridgeport,Hartford
36081,"Queens County, New York",Brooklyn,Brooklyn,New York
36047,"Kings County, New York",Brooklyn,Brooklyn,New York
48489,"Willacy County, Texas",Brownsville,Brownsville,Galveston-Houston
48061,"Cameron County, Texas",Brownsville,Brownsville,Galveston-Houston
48427,"Starr County, Texas",Brownsville,Brownsville,Galveston-Houston
48215,"Hidalgo County, Texas",Brownsville,Brownsville,Galveston-Houston
36029,"Erie County, New York",Buffalo,Buffalo,New York
36009,"Cattaraugus County, New York",Buffalo,Buffalo,New York
36037,"Genesee County, New York",Buffalo,Buffalo,New York
36013,"Chautauqua County, New York",Buffalo,Buffalo,New York
36063,"Niagara County, New York",Buffalo,Buffalo,New York
36003,"Allegany County, New York",Buffalo,Buffalo,New York
36121,"Wyoming County, New York",Buffalo,Buffalo,New York
36073,"Orleans County, New York",Buffalo,Buffalo,New York
50009,"Essex County, Vermont",Burlington,Burlington,Boston
50019,"Orleans County, Vermont",Burlington,Burlington,Boston
50017,"Orange County, Vermont",Burlington,Burlington,Boston
50011,"Franklin County, Vermont",Burlington,Burlington,Boston
50013,"Grand Isle County, Vermont",Burlington,Burlington,Boston
50003,"Bennington County, Vermont",Burlington,Burlington,Boston
50007,"Chittenden County, Vermont",Burlington,Burlington,Boston
50015,"Lamoille County, Vermont",Burlington,Burlington,Boston
50023,"Washington County, Vermont",Burlington,Burlington,Boston
50005,"Caledonia County, Vermont",Burlington,Burlington,Boston
50001,"Addison County, Vermont",Burlington,Burlington,Boston
50025,"Windham County, Vermont",Burlington,Burlington,Boston
50027,"Windsor County, Vermont",Burlington,Burlington,Boston
50021,"Rutland County, Vermont",Burlington,Burlington,Boston
34033,"Salem County, New Jersey",Camden,Camden,Newark
34001,"Atlantic County, New Jersey",Camden,Camden,Newark
34007,"Camden County, New Jersey",Camden,Camden,Newark
34011,"Cumberland County, New Jersey",Camden,Camden,Newark
34015,"Gloucester County, New Jersey",Camden,Camden,Newark
34009,"Cape May County, New Jersey",Camden,Camden,Newark
45063,"Lexington County, South Carolina",Charleston,Charleston,Atlanta
45031,"Darlington County, South Carolina",Charleston,Charleston,Atlanta
45011,"Barnwell County, South Carolina",Charleston,Charleston,Atlanta
45075,"Orangeburg County, South Carolina",Charleston,Charleston,Atlanta
45005,"Allendale County, South Carolina",Charleston,Charleston,Atlanta
45067,"Marion County, South Carolina",Charleston,Charleston,Atlanta
45061,"Lee County, South Carolina",Charleston,Charleston,Atlanta
45041,"Florence County, South Carolina",Charleston,Charleston,Atlanta
45043,"Georgetown County, South Carolina",Charleston,Charleston,Atlanta
45045,"Greenville County, South Carolina",Charleston,Charleston,Atlanta
45035,"Dorchester County, South Carolina",Charleston,Charleston,Atlanta
45051,"Horry County, South Carolina",Charleston,Charleston,Atlanta
45007,"Anderson County, South Carolina",Charleston,Charleston,Atlanta
45025,"Chesterfield County, South Carolina",Charleston,Charleston,Atlanta
45049,"Hampton County, South Carolina",Charleston,Charleston,Atlanta
45009,"Bamberg County, South Carolina",Charleston,Charleston,Atlanta
45081,"Saluda County, South Carolina",Charleston,Charleston,Atlanta
45053,"Jasper County, South Carolina",Charleston,Charleston,Atlanta
45065,"McCormick County, South Carolina",Charleston,Charleston,Atlanta
45073,"Oconee County, South Carolina",Charleston,Charleston,Atlanta
45087,"Union County, South Carolina",Charleston,Charleston,Atlanta
45029,"Colleton County, South Carolina",Charleston,Charleston,Atlanta
45059,"Laurens County, South Carolina",Charleston,Charleston,Atlanta
45083,"Spartanburg County, South Carolina",Charleston,Charleston,Atlanta
45021,"Cherokee County, South Carolina",Charleston,Charleston,Atlanta
45071,"Newberry County, South Carolina",Charleston,Charleston,Atlanta
45079,"Richland County, South Carolina",Charleston,Charleston,Atlanta
45003,"Aiken County, South Carolina",Charleston,Charleston,Atlanta
45017,"Calhoun County, South Carolina",Charleston,Charleston,Atlanta
45001,"Abbeville County, South Carolina",Charleston,Charleston,Atlanta
45077,"Pickens County, South Carolina",Charleston,Charleston,Atlanta
45033,"Dillon County, South Carolina",Charleston,Charleston,Atlanta
45047,"Greenwood County, South Carolina",Charleston,Charleston,Atlanta
45015,"Berkeley County, South Carolina",Charleston,Charleston,Atlanta
45019,"Charleston County, South Carolina",Charleston,Charleston,Atlanta
45039,"Fairfield County, South Carolina",Charleston,Charleston,Atlanta
45055,"Kershaw County, South Carolina",Charleston,Charleston,Atlanta
45013,"Beaufort County, South Carolina",Charleston,Charleston,Atlanta
45027,"Clarendon County, South Carolina",Charleston,Charleston,Atlanta
45057,"Lancaster County, South Carolina",Charleston,Charleston,Atlanta
45037,"Edgefield County, South Carolina",Charleston,Charleston,Atlanta
45023,"Chester County, South Carolina",Charleston,Charleston,Atlanta
45089,"Williamsburg County, South Carolina",Charleston,Charleston,Atlanta
45069,"Marlboro County, South Carolina",Charleston,Charleston,Atlanta
45091,"York County, South Carolina",Charleston,Charleston,Atlanta
45085,"Sumter County, South Carolina",Charleston,Charleston,Atlanta
37193,"Wilkes County, North Carolina",Charlotte,Charlotte,Atlanta
37149,"Polk County, North Carolina",Charlotte,Charlotte,Atlanta
37025,"Cabarrus County, North Carolina",Charlotte,Charlotte,Atlanta
37153,"Richmond County, North Carolina",Charlotte,Charlotte,Atlanta
37169,"Stokes County, North Carolina",Charlotte,Charlotte,Atlanta
37097,"Iredell County, North Carolina",Charlotte,Charlotte,Atlanta
37005,"Alleghany County, North Carolina",Charlotte,Charlotte,Atlanta
37045,"Cleveland County, North Carolina",Charlotte,Charlotte,Atlanta
37027,"Caldwell County, North Carolina",Charlotte,Charlotte,Atlanta
37189,"Watauga County, North Carolina",Charlotte,Charlotte,Atlanta
37023,"Burke County, North Carolina",Charlotte,Charlotte,Atlanta
37197,"Yadkin County, North Carolina",Charlotte,Charlotte,Atlanta
37179,"Union County, North Carolina",Charlotte,Charlotte,Atlanta
37171,"Surry County, North Carolina",Charlotte,Charlotte,Atlanta
37057,"Davidson County, North Carolina",Charlotte,Charlotte,Atlanta
37151,"Randolph County, North Carolina",Charlotte,Charlotte,Atlanta
37087,"Haywood County, North Carolina",Charlotte,Charlotte,Atlanta
37011,"Avery County, North Carolina",Charlotte,Charlotte,Atlanta
37109,"Lincoln County, North Carolina",Charlotte,Charlotte,Atlanta
37173,"Swain County, North Carolina",Charlotte,Charlotte,Atlanta
37007,"Anson County, North Carolina",Charlotte,Charlotte,Atlanta
37021,"Buncombe County, North Carolina",Charlotte,Charlotte,Atlanta
37175,"Transylvania County, North Carolina",Charlotte,Charlotte,Atlanta
37199,"Yancey County, North Carolina",Charlotte,Charlotte,Atlanta
37035,"Catawba County, North Carolina",Charlotte,Charlotte,Atlanta
37009,"Ashe County, North Carolina",Charlotte,Charlotte,Atlanta
37059,"Davie County, North Carolina",Charlotte,Charlotte,Atlanta
37111,"McDowell County, North Carolina",Charlotte,Charlotte,Atlanta
37113,"Macon County, North Carolina",Charlotte,Charlotte,Atlanta
37099,"Jackson County, North Carolina",Charlotte,Charlotte,Atlanta
37067,"Forsyth County, North Carolina",Charlotte,Charlotte,Atlanta
37043,"Clay County, North Carolina",Charlotte,Charlotte,Atlanta
37159,"Rowan County, North Carolina",Charlotte,Charlotte,Atlanta
37003,"Alexander County, North Carolina",Charlotte,Charlotte,Atlanta
37161,"Rutherford County, North Carolina",Charlotte,Charlotte,Atlanta
37089,"Henderson County, North Carolina",Charlotte,Charlotte,Atlanta
37081,"Guilford County, North Carolina",Charlotte,Charlotte,Atlanta
37115,"Madison County, North Carolina",Charlotte,Charlotte,Atlanta
37119,"Mecklenburg County, North Carolina",Charlotte,Charlotte,Atlanta
37071,"Gaston County, North Carolina",Charlotte,Charlotte,Atlanta
37121,"Mitchell County, North Carolina",Charlotte,Charlotte,Atlanta
37123,"Montgomery County, North Carolina",Charlotte,Charlotte,Atlanta
37167,"Stanly County, North Carolina",Charlotte,Charlotte,Atlanta
37157,"Rockingham County, North Carolina",Charlotte,Charlotte,Atlanta
37075,"Graham County, North Carolina",Charlotte,Charlotte,Atlanta
37039,"Cherokee County, North Carolina",Charlotte,Charlotte,Atlanta
56045,"Weston County, Wyoming",Cheyenne,Cheyenne,Denver
56033,"Sheridan County, Wyoming",Cheyenne,Cheyenne,Denver
56043,"Washakie County, Wyoming",Cheyenne,Cheyenne,Denver
56009,"Converse County, Wyoming",Cheyenne,Cheyenne,Denver
56039,"Teton County, Wyoming",Cheyenne,Cheyenne,Denver
56037,"Sweetwater County, Wyoming",Cheyenne,Cheyenne,Denver
56021,"Laramie County, Wyoming",Cheyenne,Cheyenne,Denver
56015,"Goshen County, Wyoming",Cheyenne,Cheyenne,Denver
56019,"Johnson County, Wyoming",Cheyenne,Cheyenne,Denver
56023,"Lincoln County, Wyoming",Cheyenne,Cheyenne,Denver
56003,"Big Horn County, Wyoming",Cheyenne,Cheyenne,Denver
56005,"Campbell County, Wyoming",Cheyenne,Cheyenne,Denver
56031,"Platte County, Wyoming",Cheyenne,Cheyenne,Denver
56025,"Natrona County, Wyoming",Cheyenne,Cheyenne,Denver
56029,"Park County, Wyoming",Cheyenne,Cheyenne,Denver
56007,"Carbon County, Wyoming",Cheyenne,Cheyenne,Denver
56027,"Niobrara County, Wyoming",Cheyenne,Cheyenne,Denver
56035,"Sublette County, Wyoming",Cheyenne,Cheyenne,Denver
56017,"Hot Springs County, Wyoming",Cheyenne,Cheyenne,Denver
56013,"Fremont County, Wyoming",Cheyenne,Cheyenne,Denver
56041,"Uinta County, Wyoming",Cheyenne,Cheyenne,Denver
56011,"Crook County, Wyoming",Cheyenne,Cheyenne,Denver
56001,"Albany County, Wyoming",Cheyenne,Cheyenne,Denver
17031,"Cook County, Illinois",Chicago,Chicago,Chicago
17097,"Lake County, Illinois",Chicago,Chicago,Chicago
39021,"Champaign County, Ohio",Cincinnati,Cincinnati,Cincinnati
39165,"Warren County, Ohio",Cincinnati,Cincinnati,Cincinnati
39057,"Greene County, Ohio",Cincinnati,Cincinnati,Cincinnati
39017,"Butler County, Ohio",Cincinnati,Cincinnati,Cincinnati
39027,"Clinton County, Ohio",Cincinnati,Cincinnati,Cincinnati
39135,"Preble County, Ohio",Cincinnati,Cincinnati,Cincinnati
39071,"Highland County, Ohio",Cincinnati,Cincinnati,Cincinnati
39037,"Darke County, Ohio",Cincinnati,Cincinnati,Cincinnati
39001,"Adams County, Ohio",Cincinnati,Cincinnati,Cincinnati
39113,"Montgomery County, Ohio",Cincinnati,Cincinnati,Cincinnati
39149,"Shelby County, Ohio",Cincinnati,Cincinnati,Cincinnati
39023,"Clark County, Ohio",Cincinnati,Cincinnati,Cincinnati
39109,"Miami County, Ohio",Cincinnati,Cincinnati,Cincinnati
39091,"Logan County, Ohio",Cincinnati,Cincinnati,Cincinnati
39107,"Mercer County, Ohio",Cincinnati,Cincinnati,Cincinnati
39061,"Hamilton County, Ohio",Cincinnati,Cincinnati,Cincinnati
39025,"Clermont County, Ohio",Cincinnati,Cincinnati,Cincinnati
39011,"Auglaize County, Ohio",Cincinnati,Cincinnati,Cincinnati
39015,"Brown County, Ohio",Cincinnati,Cincinnati,Cincinnati
39169,"Wayne County, Ohio",Cleveland,Cleveland,Cincinnati
39085,"Lake County, Ohio",Cleveland,Cleveland,Cincinnati
39005,"Ashland County, Ohio",Cleveland,Cleveland,Cincinnati
39035,"Cuyahoga County, Ohio",Cleveland,Cleveland,Cincinnati
39055,"Geauga County, Ohio",Cleveland,Cleveland,Cincinnati
39153,"Summit County, Ohio",Cleveland,Cleveland,Cincinnati
39103,"Medina County, Ohio",Cleveland,Cleveland,Cincinnati
39093,"Lorain County, Ohio",Cleveland,Cleveland,Cincinnati
08017,"Cheyenne County, Colorado",Colorado Springs,Colorado Springs,Denver
08039,"Elbert County, Colorado",Colorado Springs,Colorado Springs,Denver
08015,"Chaffee County, Colorado",Colorado Springs,Colorado Springs,Denver
08093,"Park County, Colorado",Colorado Springs,Colorado Springs,Denver
08035,"Douglas County, Colorado",Colorado Springs,Colorado Springs,Denver
08065,"Lake County, Colorado",Colorado Springs,Colorado Springs,Denver
08063,"Kit Carson County, Colorado",Colorado Springs,Colorado Springs,Denver
08041,"El Paso County, Colorado",Colorado Springs,Colorado Springs,Denver
08119,"Teller County, Colorado",Colorado Springs,Colorado Springs,Denver
08073,"Lincoln County, Colorado",Colorado Springs,Colorado Springs,Denver
39117,"Morrow County, Ohio",Columbus,Columbus,Cincinnati
39101,"Marion County, Ohio",Columbus,Columbus,Cincinnati
39047,"Fayette County, Ohio",Columbus,Columbus,Cincinnati
39045,"Fairfield County, Ohio",Columbus,Columbus,Cincinnati
39131,"Pike County, Ohio",Columbus,Columbus,Cincinnati
39083,"Knox County, Ohio",Columbus,Columbus,Cincinnati
39159,"Union County, Ohio",Columbus,Columbus,Cincinnati
39041,"Delaware County, Ohio",Columbus,Columbus,Cincinnati
39129,"Pickaway County, Ohio",Columbus,Columbus,Cincinnati
39141,"Ross County, Ohio",Columbus,Columbus,Cincinnati
39049,"Franklin County, Ohio",Columbus,Columbus,Cincinnati
39079,"Jackson County, Ohio",Columbus,Columbus,Cincinnati
39089,"Licking County, Ohio",Columbus,Columbus,Cincinnati
39145,"Scioto County, Ohio",Columbus,Columbus,Cincinnati
39073,"Hocking County, Ohio",Columbus,Columbus,Cincinnati
39031,"Coshocton County, Ohio",Columbus,Columbus,Cincinnati
39119,"Muskingum County, Ohio",Columbus,Columbus,Cincinnati
39163,"Vinton County, Ohio",Columbus,Columbus,Cincinnati
39097,"Madison County, Ohio",Columbus,Columbus,Cincinnati
39065,"Hardin County, Ohio",Columbus,Columbus,Cincinnati
39075,"Holmes County, Ohio",Columbus,Columbus,Cincinnati
39157,"Tuscarawas County, Ohio",Columbus,Columbus,Cincinnati
39127,"Perry County, Ohio",Columbus,Columbus,Cincinnati
48131,"Duval County, Texas",Corpus Christi,Corpus Christi,Galveston-Houston
48025,"Bee County, Texas",Corpus Christi,Corpus Christi,Galveston-Houston
48297,"Live Oak County, Texas",Corpus Christi,Corpus Christi,Galveston-Houston
48273,"Kleberg County, Texas",Corpus Christi,Corpus Christi,Galveston-Houston
48409,"San Patricio County, Texas",Corpus Christi,Corpus Christi,Galveston-Houston
48047,"Brooks County, Texas",Corpus Christi,Corpus Christi,Galveston-Houston
48007,"Aransas County, Texas",Corpus Christi,Corpus Christi,Galveston-Houston
48391,"Refugio County, Texas",Corpus Christi,Corpus Christi,Galveston-Houston
48355,"Nueces County, Texas",Corpus Christi,Corpus Christi,Galveston-Houston
48249,"Jim Wells County, Texas",Corpus Christi,Corpus Christi,Galveston-Houston
48261,"Kenedy County, Texas",Corpus Christi,Corpus Christi,Galveston-Houston
21081,"Grant County, Kentucky",Covington,Covington,Louisville
21041,"Carroll County, Kentucky",Covington,Covington,Louisville
21135,"Lewis County, Kentucky",Covington,Covington,Louisville
21117,"Kenton County, Kentucky",Covington,Covington,Louisville
21037,"Campbell County, Kentucky",Covington,Covington,Louisville
21187,"Owen County, Kentucky",Covington,Covington,Louisville
21161,"Mason County, Kentucky",Covington,Covington,Louisville
21023,"Bracken County, Kentucky",Covington,Covington,Louisville
21191,"Pendleton County, Kentucky",Covington,Covington,Louisville
21077,"Gallatin County, Kentucky",Covington,Covington,Louisville
21201,"Robertson County, Kentucky",Covington,Covington,Louisville
21069,"Fleming County, Kentucky",Covington,Covington,Louisville
21097,"Harrison County, Kentucky",Covington,Covington,Louisville
21015,"Boone County, Kentucky",Covington,Covington,Louisville
27057,"Hubbard County, Minnesota",Crookston,Crookston,St. Paul and Minneapolis
27107,"Norman County, Minnesota",Crookston,Crookston,St. Paul and Minneapolis
27029,"Clearwater County, Minnesota",Crookston,Crookston,St. Paul and Minneapolis
27113,"Pennington County, Minnesota",Crookston,Crookston,St. Paul and Minneapolis
27005,"Becker County, Minnesota",Crookston,Crookston,St. Paul and Minneapolis
27089,"Marshall County, Minnesota",Crookston,Crookston,St. Paul and Minneapolis
27069,"Kittson County, Minnesota",Crookston,Crookston,St. Paul and Minneapolis
27135,"Roseau County, Minnesota",Crookston,Crookston,St. Paul and Minneapolis
27087,"Mahnomen County, Minnesota",Crookston,Crookston,St. Paul and Minneapolis
27027,"Clay County, Minnesota",Crookston,Crookston,St. Paul and Minneapolis
27007,"Beltrami County, Minnesota",Crookston,Crookston,St. Paul and Minneapolis
27125,"Red Lake County, Minnesota",Crookston,Crookston,St. Paul and Minneapolis
27119,"Polk County, Minnesota",Crookston,Crookston,St. Paul and Minneapolis
27077,"Lake of the Woods County, Minnesota",Crookston,Crookston,St. Paul and Minneapolis
48257,"Kaufman County, Texas",Dallas,Dallas,San Antonio
48349,"Navarro County, Texas",Dallas,Dallas,San Antonio
48113,"Dallas County, Texas",Dallas,Dallas,San Antonio
48139,"Ellis County, Texas",Dallas,Dallas,San Antonio
48085,"Collin County, Texas",Dallas,Dallas,San Antonio
48231,"Hunt County, Texas",Dallas,Dallas,San Antonio
48147,"Fannin County, Texas",Dallas,Dallas,San Antonio
48181,"Grayson County, Texas",Dallas,Dallas,San Antonio
48397,"Rockwall County, Texas",Dallas,Dallas,San Antonio
19007,"Appanoose County, Iowa",Davenport,Davenport,Dubuque
19157,"Poweshiek County, Iowa",Davenport,Davenport,Dubuque
19051,"Davis County, Iowa",Davenport,Davenport,Dubuque
19115,"Louisa County, Iowa",Davenport,Davenport,Dubuque
19163,"Scott County, Iowa",Davenport,Davenport,Dubuque
19101,"Jefferson County, Iowa",Davenport,Davenport,Dubuque
19087,"Henry County, Iowa",Davenport,Davenport,Dubuque
19125,"Marion County, Iowa",Davenport,Davenport,Dubuque
19057,"Des Moines County, Iowa",Davenport,Davenport,Dubuque
19103,"Johnson County, Iowa",Davenport,Davenport,Dubuque
19139,"Muscatine County, Iowa",Davenport,Davenport,Dubuque
19135,"Monroe County, Iowa",Davenport,Davenport,Dubuque
19183,"Washington County, Iowa",Davenport,Davenport,Dubuque
19111,"Lee County, Iowa",Davenport,Davenport,Dubuque
19177,"Van Buren County, Iowa",Davenport,Davenport,Dubuque
19045,"Clinton County, Iowa",Davenport,Davenport,Dubuque
19107,"Keokuk County, Iowa",Davenport,Davenport,Dubuque
19031,"Cedar County, Iowa",Davenport,Davenport,Dubuque
19179,"Wapello County, Iowa",Davenport,Davenport,Dubuque
19123,"Mahaska County, Iowa",Davenport,Davenport,Dubuque
19095,"Iowa County, Iowa",Davenport,Davenport,Dubuque
19099,"Jasper County, Iowa",Davenport,Davenport,Dubuque
08123,"Weld County, Colorado",Denver,Denver,Denver
08045,"Garfield County, Colorado",Denver,Denver,Denver
08095,"Phillips County, Colorado",Denver,Denver,Denver
08097,"Pitkin County, Colorado",Denver,Denver,Denver
08117,"Summit County, Colorado",Denver,Denver,Denver
08059,"Jefferson County, Colorado",Denver,Denver,Denver
08047,"Gilpin County, Colorado",Denver,Denver,Denver
08121,"Washington County, Colorado",Denver,Denver,Denver
08103,"Rio Blanco County, Colorado",Denver,Denver,Denver
08049,"Grand County, Colorado",Denver,Denver,Denver
08057,"Jackson County, Colorado",Denver,Denver,Denver
08107,"Routt County, Colorado",Denver,Denver,Denver
08115,"Sedgwick County, Colorado",Denver,Denver,Denver
08081,"Moffat County, Colorado",Denver,Denver,Denver
08087,"Morgan County, Colorado",Denver,Denver,Denver
08125,"Yuma County, Colorado",Denver,Denver,Denver
08014,"Broomfield County, Colorado",Denver,Denver,Denver
08037,"Eagle County, Colorado",Denver,Denver,Denver
08001,"Adams County, Colorado",Denver,Denver,Denver
08075,"Logan County, Colorado",Denver,Denver,Denver
08013,"Boulder County, Colorado",Denver,Denver,Denver
08031,"Denver County, Colorado",Denver,Denver,Denver
08005,"Arapahoe County, Colorado",Denver,Denver,Denver
08019,"Clear Creek County, Colorado",Denver,Denver,Denver
08069,"Larimer County, Colorado",Denver,Denver,Denver
19077,"Guthrie County, Iowa",Des Moines,Des Moines,Dubuque
19049,"Dallas County, Iowa",Des Moines,Des Moines,Dubuque
19121,"Madison County, Iowa",Des Moines,Des Moines,Dubuque
19029,"Cass County, Iowa",Des Moines,Des Moines,Dubuque
19003,"Adams County, Iowa",Des Moines,Des Moines,Dubuque
19165,"Shelby County, Iowa",Des Moines,Des Moines,Dubuque
19155,"Pottawattamie County, Iowa",Des Moines,Des Moines,Dubuque
19039,"Clarke County, Iowa",Des Moines,Des Moines,Dubuque
19153,"Polk County, Iowa",Des Moines,Des Moines,Dubuque
19117,"Lucas County, Iowa",Des Moines,Des Moines,Dubuque
19145,"Page County, Iowa",Des Moines,Des Moines,Dubuque
19009,"Audubon County, Iowa",Des Moines,Des Moines,Dubuque
19173,"Taylor County, Iowa",Des Moines,Des Moines,Dubuque
19129,"Mills County, Iowa",Des Moines,Des Moines,Dubuque
19159,"Ringgold County, Iowa",Des Moines,Des Moines,Dubuque
19185,"Wayne County, Iowa",Des Moines,Des Moines,Dubuque
19175,"Union County, Iowa",Des Moines,Des Moines,Dubuque
19181,"Warren County, Iowa",Des Moines,Des Moines,Dubuque
19085,"Harrison County, Iowa",Des Moines,Des Moines,Dubuque
19053,"Decatur County, Iowa",Des Moines,Des Moines,Dubuque
19001,"Adair County, Iowa",Des Moines,Des Moines,Dubuque
19137,"Montgomery County, Iowa",Des Moines,Des Moines,Dubuque
19071,"Fremont County, Iowa",Des Moines,Des Moines,Dubuque
26099,"Macomb County, Michigan",Detroit,Detroit,Detroit
26147,"St. Clair County, Michigan",Detroit,Detroit,Detroit
26115,"Monroe County, Michigan",Detroit,Detroit,Detroit
26163,"Wayne County, Michigan",Detroit,Detroit,Detroit
26125,"Oakland County, Michigan",Detroit,Detroit,Detroit
26087,"Lapeer County, Michigan",Detroit,Detroit,Detroit
20175,"Seward County, Kansas",Dodge City,Dodge City,Kansas City in Kansas
20083,"Hodgeman County, Kansas",Dodge City,Dodge City,Kansas City in Kansas
20119,"Meade County, Kansas",Dodge City,Dodge City,Kansas City in Kansas
20075,"Hamilton County, Kansas",Dodge City,Dodge City,Kansas City in Kansas
20057,"Ford County, Kansas",Dodge City,Dodge City,Kansas City in Kansas
20025,"Clark County, Kansas",Dodge City,Dodge City,Kansas City in Kansas
20081,"Haskell County, Kansas",Dodge City,Dodge City,Kansas City in Kansas
20189,"Stevens County, Kansas",Dodge City,Dodge City,Kansas City in Kansas
20185,"Stafford County, Kansas",Dodge City,Dodge City,Kansas City in Kansas
20187,"Stanton County, Kansas",Dodge City,Dodge City,Kansas City in Kansas
20055,"Finney County, Kansas",Dodge City,Dodge City,Kansas City in Kansas
20171,"Scott County, Kansas",Dodge City,Dodge City,Kansas City in Kansas
20129,"Morton County, Kansas",Dodge City,Dodge City,Kansas City in Kansas
20009,"Barton County, Kansas",Dodge City,Dodge City,Kansas City in Kansas
20135,"Ness County, Kansas",Dodge City,Dodge City,Kansas City in Kansas
20071,"Greeley County, Kansas",Dodge City,Dodge City,Kansas City in Kansas
20047,"Edwards County, Kansas",Dodge City,Dodge City,Kansas City in Kansas
20093,"Kearny County, Kansas",Dodge City,Dodge City,Kansas City in Kansas
20007,"Barber County, Kansas",Dodge City,Dodge City,Kansas City in Kansas
20097,"Kiowa County, Kansas",Dodge City,Dodge City,Kansas City in Kansas
20101,"Lane County, Kansas",Dodge City,Dodge City,Kansas City in Kansas
20033,"Comanche County, Kansas",Dodge City,Dodge City,Kansas City in Kansas
20203,"Wichita County, Kansas",Dodge City,Dodge City,Kansas City in Kansas
20145,"Pawnee County, Kansas",Dodge City,Dodge City,Kansas City in Kansas
20151,"Pratt County, Kansas",Dodge City,Dodge City,Kansas City in Kansas
20069,"Gray County, Kansas",Dodge City,Dodge City,Kansas City in Kansas
20067,"Grant County, Kansas",Dodge City,Dodge City,Kansas City in Kansas
20165,"Rush County, Kansas",Dodge City,Dodge City,Kansas City in Kansas
19195,"Worth County, Iowa",Dubuque,Dubuque,Dubuque
19189,"Winnebago County, Iowa",Dubuque,Dubuque,Dubuque
19083,"Hardin County, Iowa",Dubuque,Dubuque,Dubuque
19081,"Hancock County, Iowa",Dubuque,Dubuque,Dubuque
19197,"Wright County, Iowa",Dubuque,Dubuque,Dubuque
19131,"Mitchell County, Iowa",Dubuque,Dubuque,Dubuque
19127,"Marshall County, Iowa",Dubuque,Dubuque,Dubuque
19061,"Dubuque County, Iowa",Dubuque,Dubuque,Dubuque
19079,"Hamilton County, Iowa",Dubuque,Dubuque,Dubuque
19017,"Bremer County, Iowa",Dubuque,Dubuque,Dubuque
19171,"Tama County, Iowa",Dubuque,Dubuque,Dubuque
19037,"Chickasaw County, Iowa",Dubuque,Dubuque,Dubuque
19055,"Delaware County, Iowa",Dubuque,Dubuque,Dubuque
19105,"Jones County, Iowa",Dubuque,Dubuque,Dubuque
19191,"Winneshiek County, Iowa",Dubuque,Dubuque,Dubuque
19065,"Fayette County, Iowa",Dubuque,Dubuque,Dubuque
19069,"Franklin County, Iowa",Dubuque,Dubuque,Dubuque
19011,"Benton County, Iowa",Dubuque,Dubuque,Dubuque
19089,"Howard County, Iowa",Dubuque,Dubuque,Dubuque
19075,"Grundy County, Iowa",Dubuque,Dubuque,Dubuque
19067,"Floyd County, Iowa",Dubuque,Dubuque,Dubuque
19169,"Story County, Iowa",Dubuque,Dubuque,Dubuque
19005,"Allamakee County, Iowa",Dubuque,Dubuque,Dubuque
19033,"Cerro Gordo County, Iowa",Dubuque,Dubuque,Dubuque
19097,"Jackson County, Iowa",Dubuque,Dubuque,Dubuque
19023,"Butler County, Iowa",Dubuque,Dubuque,Dubuque
19019,"Buchanan County, Iowa",Dubuque,Dubuque,Dubuque
19043,"Clayton County, Iowa",Dubuque,Dubuque,Dubuque
19113,"Linn County, Iowa",Dubuque,Dubuque,Dubuque
19013,"Black Hawk County, Iowa",Dubuque,Dubuque,Dubuque
27031,"Cook County, Minnesota",Duluth,Duluth,St. Paul and Minneapolis
27001,"Aitkin County, Minnesota",Duluth,Duluth,St. Paul and Minneapolis
27137,"St. Louis County, Minnesota",Duluth,Duluth,St. Paul and Minneapolis
27017,"Carlton County, Minnesota",Duluth,Duluth,St. Paul and Minneapolis
27115,"Pine County, Minnesota",Duluth,Duluth,St. Paul and Minneapolis
27021,"Cass County, Minnesota",Duluth,Duluth,St. Paul and Minneapolis
27035,"Crow Wing County, Minnesota",Duluth,Duluth,St. Paul and Minneapolis
27075,"Lake County, Minnesota",Duluth,Duluth,St. Paul and Minneapolis
27061,"Itasca County, Minnesota",Duluth,Duluth,St. Paul and Minneapolis
27071,"Koochiching County, Minnesota",Duluth,Duluth,St. Paul and Minneapolis
48109,"Culberson County, Texas",El Paso,El Paso,San Antonio
48243,"Jeff Davis County, Texas",El Paso,El Paso,San Antonio
48301,"Loving County, Texas",El Paso,El Paso,San Antonio
48389,"Reeves County, Texas",El Paso,El Paso,San Antonio
48377,"Presidio County, Texas",El Paso,El Paso,San Antonio
48043,"Brewster County, Texas",El Paso,El Paso,San Antonio
48229,"Hudspeth County, Texas",El Paso,El Paso,San Antonio
48141,"El Paso County, Texas",El Paso,El Paso,San Antonio
48475,"Ward County, Texas",El Paso,El Paso,San Antonio
48495,"Winkler County, Texas",El Paso,El Paso,San Antonio
42053,"Forest County, Pennsylvania",Erie,Erie,Philadelphia
42023,"Cameron County, Pennsylvania",Erie,Erie,Philadelphia
42123,"Warren County, Pennsylvania",Erie,Erie,Philadelphia
42121,"Venango County, Pennsylvania",Erie,Erie,Philadelphia
42047,"Elk County, Pennsylvania",Erie,Erie,Philadelphia
42039,"Crawford County, Pennsylvania",Erie,Erie,Philadelphia
42033,"Clearfield County, Pennsylvania",Erie,Erie,Philadelphia
42049,"Erie County, Pennsylvania",Erie,Erie,Philadelphia
42031,"Clarion County, Pennsylvania",Erie,Erie,Philadelphia
42105,"Potter County, Pennsylvania",Erie,Erie,Philadelphia
42085,"Mercer County, Pennsylvania",Erie,Erie,Philadelphia
42083,"McKean County, Pennsylvania",Erie,Erie,Philadelphia
42065,"Jefferson County, Pennsylvania",Erie,Erie,Philadelphia
18129,"Posey County, Indiana",Evansville,Evansville,Indianapolis
18101,"Martin County, Indiana",Evansville,Evansville,Indianapolis
18173,"Warrick County, Indiana",Evansville,Evansville,Indianapolis
18051,"Gibson County, Indiana",Evansville,Evansville,Indianapolis
18153,"Sullivan County, Indiana",Evansville,Evansville,Indianapolis
18055,"Greene County, Indiana",Evansville,Evansville,Indianapolis
18147,"Spencer County, Indiana",Evansville,"Evansville, Indianapolis",Indianapolis
18037,"Dubois County, Indiana",Evansville,Evansville,Indianapolis
18163,"Vanderburgh County, Indiana",Evansville,Evansville,Indianapolis
18083,"Knox County, Indiana",Evansville,Evansville,Indianapolis
18027,"Daviess County, Indiana",Evansville,Evansville,Indianapolis
18125,"Pike County, Indiana",Evansville,Evansville,Indianapolis
02068,"Denali Borough, Alaska",Fairbanks,Fairbanks,Anchorage-Juneau
02188,"Northwest Arctic Borough, Alaska",Fairbanks,Fairbanks,Anchorage-Juneau
02050,"Bethel Census Area, Alaska",Fairbanks,Fairbanks,Anchorage-Juneau
02090,"Fairbanks North Star Borough, Alaska",Fairbanks,Fairbanks,Anchorage-Juneau
02158,"Kusilvak Census Area, Alaska",Fairbanks,Fairbanks,Anchorage-Juneau
02240,"Southeast Fairbanks Census Area, Alaska",Fairbanks,Fairbanks,Anchorage-Juneau
02290,"Yukon-Koyukuk Census Area, Alaska",Fairbanks,Fairbanks,Anchorage-Juneau
02185,"North Slope Borough, Alaska",Fairbanks,Fairbanks,Anchorage-Juneau
02180,"Nome Census Area, Alaska",Fairbanks,Fairbanks,Anchorage-Juneau
25001,"Barnstable County, Massachusetts",Fall River,Fall River,Boston
25019,"Nantucket County, Massachusetts",Fall River,Fall River,Boston
25005,"Bristol County, Massachusetts",Fall River,Fall River,Boston
25007,"Dukes County, Massachusetts",Fall River,Fall River,Boston
38005,"Benson County, North Dakota",Fargo,Fargo,St. Paul and Minneapolis
38027,"Eddy County, North Dakota",Fargo,Fargo,St. Paul and Minneapolis
38051,"McIntosh County, North Dakota",Fargo,Fargo,St. Paul and Minneapolis
38019,"Cavalier County, North Dakota",Fargo,Fargo,St. Paul and Minneapolis
38079,"Rolette County, North Dakota",Fargo,Fargo,St. Paul and Minneapolis
38099,"Walsh County, North Dakota",Fargo,Fargo,St. Paul and Minneapolis
38031,"Foster County, North Dakota",Fargo,Fargo,St. Paul and Minneapolis
38047,"Logan County, North Dakota",Fargo,Fargo,St. Paul and Minneapolis
38049,"McHenry County, North Dakota",Fargo,Fargo,St. Paul and Minneapolis
38045,"LaMoure County, North Dakota",Fargo,Fargo,St. Paul and Minneapolis
38069,"Pierce County, North Dakota",Fargo,Fargo,St. Paul and Minneapolis
38067,"Pembina County, North Dakota",Fargo,Fargo,St. Paul and Minneapolis
38043,"Kidder County, North Dakota",Fargo,Fargo,St. Paul and Minneapolis
38077,"Richland County, North Dakota",Fargo,Fargo,St. Paul and Minneapolis
38021,"Dickey County, North Dakota",Fargo,Fargo,St. Paul and Minneapolis
38035,"Grand Forks County, North Dakota",Fargo,Fargo,St. Paul and Minneapolis
38097,"Traill County, North Dakota",Fargo,Fargo,St. Paul and Minneapolis
38083,"Sheridan County, North Dakota",Fargo,Fargo,St. Paul and Minneapolis
38073,"Ransom County, North Dakota",Fargo,Fargo,St. Paul and Minneapolis
38071,"Ramsey County, North Dakota",Fargo,Fargo,St. Paul and Minneapolis
38093,"Stutsman County, North Dakota",Fargo,Fargo,St. Paul and Minneapolis
38009,"Bottineau County, North Dakota",Fargo,"Bismark, Fargo",St. Paul and Minneapolis
38039,"Griggs County, North Dakota",Fargo,Fargo,St. Paul and Minneapolis
38091,"Steele County, North Dakota",Fargo,Fargo,St. Paul and Minneapolis
38017,"Cass County, North Dakota",Fargo,Fargo,St. Paul and Minneapolis
38063,"Nelson County, North Dakota",Fargo,Fargo,St. Paul and Minneapolis
38003,"Barnes County, North Dakota",Fargo,Fargo,St. Paul and Minneapolis
38081,"Sargent County, North Dakota",Fargo,Fargo,St. Paul and Minneapolis
38103,"Wells County, North Dakota",Fargo,Fargo,St. Paul and Minneapolis
38095,"Towner County, North Dakota",Fargo,Fargo,St. Paul and Minneapolis
18069,"Huntington County, Indiana",Fort Wayne-South Bend,Fort Wayne-South Bend,Indianapolis
18003,"Allen County, Indiana",Fort Wayne-South Bend,Fort Wayne-South Bend,Indianapolis
18179,"Wells County, Indiana",Fort Wayne-South Bend,Fort Wayne-South Bend,Indianapolis
18169,"Wabash County, Indiana",Fort Wayne-South Bend,Fort Wayne-South Bend,Indianapolis
18039,"Elkhart County, Indiana",Fort Wayne-South Bend,Fort Wayne-South Bend,Indianapolis
18001,"Adams County, Indiana",Fort Wayne-South Bend,Fort Wayne-South Bend,Indianapolis
18183,"Whitley County, Indiana",Fort Wayne-South Bend,Fort Wayne-South Bend,Indianapolis
18085,"Kosciusko County, Indiana",Fort Wayne-South Bend,Fort Wayne-South Bend,Indianapolis
18099,"Marshall County, Indiana",Fort Wayne-South Bend,Fort Wayne-South Bend,Indianapolis
18141,"St. Joseph County, Indiana",Fort Wayne-South Bend,Fort Wayne-South Bend,Indianapolis
18033,"DeKalb County, Indiana",Fort Wayne-South Bend,Fort Wayne-South Bend,Indianapolis
18113,"Noble County, Indiana",Fort Wayne-South Bend,Fort Wayne-South Bend,Indianapolis
18087,"LaGrange County, Indiana",Fort Wayne-South Bend,Fort Wayne-South Bend,Indianapolis
18151,"Steuben County, Indiana",Fort Wayne-South Bend,Fort Wayne-South Bend,Indianapolis
48447,"Throckmorton County, Texas",Fort Worth,Fort Worth,San Antonio
48337,"Montague County, Texas",Fort Worth,Fort Worth,San Antonio
48367,"Parker County, Texas",Fort Worth,Fort Worth,San Antonio
48497,"Wise County, Texas",Fort Worth,Fort Worth,San Antonio
48485,"Wichita County, Texas",Fort Worth,Fort Worth,San Antonio
48417,"Shackelford County, Texas",Fort Worth,Fort Worth,San Antonio
48363,"Palo Pinto County, Texas",Fort Worth,Fort Worth,San Antonio
48197,"Hardeman County, Texas",Fort Worth,Fort Worth,San Antonio
48251,"Johnson County, Texas",Fort Worth,Fort Worth,San Antonio
48275,"Knox County, Texas",Fort Worth,Fort Worth,San Antonio
48237,"Jack County, Texas",Fort Worth,Fort Worth,San Antonio
48097,"Cooke County, Texas",Fort Worth,Fort Worth,San Antonio
48121,"Denton County, Texas",Fort Worth,Fort Worth,San Antonio
48221,"Hood County, Texas",Fort Worth,Fort Worth,San Antonio
48035,"Bosque County, Texas",Fort Worth,Fort Worth,San Antonio
48009,"Archer County, Texas",Fort Worth,Fort Worth,San Antonio
48439,"Tarrant County, Texas",Fort Worth,Fort Worth,San Antonio
48023,"Baylor County, Texas",Fort Worth,Fort Worth,San Antonio
48425,"Somervell County, Texas",Fort Worth,Fort Worth,San Antonio
48487,"Wilbarger County, Texas",Fort Worth,Fort Worth,San Antonio
48503,"Young County, Texas",Fort Worth,Fort Worth,San Antonio
48143,"Erath County, Texas",Fort Worth,Fort Worth,San Antonio
48093,"Comanche County, Texas",Fort Worth,Fort Worth,San Antonio
48429,"Stephens County, Texas",Fort Worth,Fort Worth,San Antonio
48133,"Eastland County, Texas",Fort Worth,Fort Worth,San Antonio
48077,"Clay County, Texas",Fort Worth,Fort Worth,San Antonio
48217,"Hill County, Texas",Fort Worth,Fort Worth,San Antonio
48155,"Foard County, Texas",Fort Worth,Fort Worth,San Antonio
06027,"Inyo County, California",Fresno,Fresno,Los Angeles
06019,"Fresno County, California",Fresno,Fresno,Los Angeles
06029,"Kern County, California",Fresno,Fresno,Los Angeles
06107,"Tulare County, California",Fresno,Fresno,Los Angeles
06031,"Kings County, California",Fresno,Fresno,Los Angeles
06043,"Mariposa County, California",Fresno,Fresno,Los Angeles
06039,"Madera County, California",Fresno,Fresno,Los Angeles
06047,"Merced County, California",Fresno,Fresno,Los Angeles
35045,"San Juan County, New Mexico",Gallup,Gallup,Santa Fe
35006,"Cibola County, New Mexico",Gallup,Gallup,Santa Fe
04001,"Apache County, Arizona",Gallup,Gallup,Santa Fe
35003,"Catron County, New Mexico",Gallup,Gallup,Santa Fe
35031,"McKinley County, New Mexico",Gallup,Gallup,Santa Fe
04017,"Navajo County, Arizona",Gallup,Gallup,Santa Fe
48185,"Grimes County, Texas",Galveston-Houston,Galveston-Houston,Galveston-Houston
48471,"Walker County, Texas",Galveston-Houston,Galveston-Houston,Galveston-Houston
48039,"Brazoria County, Texas",Galveston-Houston,Galveston-Houston,Galveston-Houston
48339,"Montgomery County, Texas",Galveston-Houston,Galveston-Houston,Galveston-Houston
48407,"San Jacinto County, Texas",Galveston-Houston,Galveston-Houston,Galveston-Houston
48201,"Harris County, Texas",Galveston-Houston,Galveston-Houston,Galveston-Houston
48167,"Galveston County, Texas",Galveston-Houston,Galveston-Houston,Galveston-Houston
48473,"Waller County, Texas",Galveston-Houston,Galveston-Houston,Galveston-Houston
48157,"Fort Bend County, Texas",Galveston-Houston,Galveston-Houston,Galveston-Houston
48015,"Austin County, Texas",Galveston-Houston,Galveston-Houston,Galveston-Houston
18091,"LaPorte County, Indiana",Gary,Gary,Indianapolis
18089,"Lake County, Indiana",Gary,Gary,Indianapolis
18127,"Porter County, Indiana",Gary,Gary,Indianapolis
18149,"Starke County, Indiana",Gary,Gary,Indianapolis
26019,"Benzie County, Michigan",Gaylord,Gaylord,Detroit
26055,"Grand Traverse County, Michigan",Gaylord,Gaylord,Detroit
26047,"Emmet County, Michigan",Gaylord,Gaylord,Detroit
26119,"Montmorency County, Michigan",Gaylord,Gaylord,Detroit
26137,"Otsego County, Michigan",Gaylord,Gaylord,Detroit
26101,"Manistee County, Michigan",Gaylord,Gaylord,Detroit
26113,"Missaukee County, Michigan",Gaylord,Gaylord,Detroit
26001,"Alcona County, Michigan",Gaylord,Gaylord,Detroit
26039,"Crawford County, Michigan",Gaylord,Gaylord,Detroit
26135,"Oscoda County, Michigan",Gaylord,Gaylord,Detroit
26079,"Kalkaska County, Michigan",Gaylord,Gaylord,Detroit
26029,"Charlevoix County, Michigan",Gaylord,Gaylord,Detroit
26165,"Wexford County, Michigan",Gaylord,Gaylord,Detroit
26069,"Iosco County, Michigan",Gaylord,Gaylord,Detroit
26009,"Antrim County, Michigan",Gaylord,Gaylord,Detroit
26141,"Presque Isle County, Michigan",Gaylord,Gaylord,Detroit
26007,"Alpena County, Michigan",Gaylord,Gaylord,Detroit
26031,"Cheboygan County, Michigan",Gaylord,Gaylord,Detroit
26129,"Ogemaw County, Michigan",Gaylord,Gaylord,Detroit
26143,"Roscommon County, Michigan",Gaylord,Gaylord,Detroit
26089,"Leelanau County, Michigan",Gaylord,Gaylord,Detroit
31163,"Sherman County, Nebraska",Grand Island,Grand Island,Omaha
31013,"Box Butte County, Nebraska",Grand Island,Grand Island,Omaha
31103,"Keya Paha County, Nebraska",Grand Island,Grand Island,Omaha
31007,"Banner County, Nebraska",Grand Island,Grand Island,Omaha
31165,"Sioux County, Nebraska",Grand Island,Grand Island,Omaha
31105,"Kimball County, Nebraska",Grand Island,Grand Island,Omaha
31157,"Scotts Bluff County, Nebraska",Grand Island,Grand Island,Omaha
31017,"Brown County, Nebraska",Grand Island,Grand Island,Omaha
31091,"Hooker County, Nebraska",Grand Island,Grand Island,Omaha
31019,"Buffalo County, Nebraska",Grand Island,Grand Island,Omaha
31047,"Dawson County, Nebraska",Grand Island,"Grand Island, Lincoln",Omaha
31093,"Howard County, Nebraska",Grand Island,Grand Island,Omaha
31075,"Grant County, Nebraska",Grand Island,Grand Island,Omaha
31079,"Hall County, Nebraska",Grand Island,"Grand Island, Lincoln",Omaha
31175,"Valley County, Nebraska",Grand Island,Grand Island,Omaha
31041,"Custer County, Nebraska",Grand Island,Grand Island,Omaha
31101,"Keith County, Nebraska",Grand Island,"Grand Island, Lincoln",Omaha
31069,"Garden County, Nebraska",Grand Island,Grand Island,Omaha
31115,"Loup County, Nebraska",Grand Island,Grand Island,Omaha
31161,"Sheridan County, Nebraska",Grand Island,Grand Island,Omaha
31171,"Thomas County, Nebraska",Grand Island,Grand Island,Omaha
31005,"Arthur County, Nebraska",Grand Island,Grand Island,Omaha
31049,"Deuel County, Nebraska",Grand Island,"Grand Island, Lincoln",Omaha
31117,"McPherson County, Nebraska",Grand Island,Grand Island,Omaha
31071,"Garfield County, Nebraska",Grand Island,Grand Island,Omaha
31009,"Blaine County, Nebraska",Grand Island,Grand Island,Omaha
31045,"Dawes County, Nebraska",Grand Island,Grand Island,Omaha
31123,"Morrill County, Nebraska",Grand Island,Grand Island,Omaha
31033,"Cheyenne County, Nebraska",Grand Island,Grand Island,Omaha
31113,"Logan County, Nebraska",Grand Island,Grand Island,Omaha
31149,"Rock County, Nebraska",Grand Island,Grand Island,Omaha
31183,"Wheeler County, Nebraska",Grand Island,Grand Island,Omaha
31077,"Greeley County, Nebraska",Grand Island,Grand Island,Omaha
31031,"Cherry County, Nebraska",Grand Island,Grand Island,Omaha
26085,"Lake County, Michigan",Grand Rapids,Grand Rapids,Detroit
26139,"Ottawa County, Michigan",Grand Rapids,Grand Rapids,Detroit
26067,"Ionia County, Michigan",Grand Rapids,Grand Rapids,Detroit
26107,"Mecosta County, Michigan",Grand Rapids,Grand Rapids,Detroit
26127,"Oceana County, Michigan",Grand Rapids,Grand Rapids,Detroit
26123,"Newaygo County, Michigan",Grand Rapids,Grand Rapids,Detroit
26133,"Osceola County, Michigan",Grand Rapids,Grand Rapids,Detroit
26117,"Montcalm County, Michigan",Grand Rapids,Grand Rapids,Detroit
26081,"Kent County, Michigan",Grand Rapids,Grand Rapids,Detroit
26121,"Muskegon County, Michigan",Grand Rapids,Grand Rapids,Detroit
26105,"Mason County, Michigan",Grand Rapids,Grand Rapids,Detroit
30105,"Valley County, Montana",Great Falls-Billings,Great Falls-Billings,Portland in Oregon
30079,"Prairie County, Montana",Great Falls-Billings,Great Falls-Billings,Portland in Oregon
30083,"Richland County, Montana",Great Falls-Billings,Great Falls-Billings,Portland in Oregon
30109,"Wibaux County, Montana",Great Falls-Billings,Great Falls-Billings,Portland in Oregon
30011,"Carter County, Montana",Great Falls-Billings,Great Falls-Billings,Portland in Oregon
30097,"Sweet Grass County, Montana",Great Falls-Billings,Great Falls-Billings,Portland in Oregon
30087,"Rosebud County, Montana",Great Falls-Billings,Great Falls-Billings,Portland in Oregon
30017,"Custer County, Montana",Great Falls-Billings,Great Falls-Billings,Portland in Oregon
30075,"Powder River County, Montana",Great Falls-Billings,Great Falls-Billings,Portland in Oregon
30069,"Petroleum County, Montana",Great Falls-Billings,Great Falls-Billings,Portland in Oregon
30015,"Chouteau County, Montana",Great Falls-Billings,Great Falls-Billings,Portland in Oregon
30005,"Blaine County, Montana",Great Falls-Billings,Great Falls-Billings,Portland in Oregon
30013,"Cascade County, Montana",Great Falls-Billings,Great Falls-Billings,Portland in Oregon
30091,"Sheridan County, Montana",Great Falls-Billings,Great Falls-Billings,Portland in Oregon
30071,"Phillips County, Montana",Great Falls-Billings,Great Falls-Billings,Portland in Oregon
30003,"Big Horn County, Montana",Great Falls-Billings,Great Falls-Billings,Portland in Oregon
30045,"Judith Basin County, Montana",Great Falls-Billings,Great Falls-Billings,Portland in Oregon
30021,"Dawson County, Montana",Great Falls-Billings,Great Falls-Billings,Portland in Oregon
30033,"Garfield County, Montana",Great Falls-Billings,Great Falls-Billings,Portland in Oregon
30103,"Treasure County, Montana",Great Falls-Billings,Great Falls-Billings,Portland in Oregon
30027,"Fergus County, Montana",Great Falls-Billings,Great Falls-Billings,Portland in Oregon
30067,"Park County, Montana",Great Falls-Billings,"Cheyenne, Great Falls-Billings",Portland in Oregon
30055,"McCone County, Montana",Great Falls-Billings,Great Falls-Billings,Portland in Oregon
30041,"Hill County, Montana",Great Falls-Billings,Great Falls-Billings,Portland in Oregon
30037,"Golden Valley County, Montana",Great Falls-Billings,Great Falls-Billings,Portland in Oregon
30065,"Musselshell County, Montana",Great Falls-Billings,Great Falls-Billings,Portland in Oregon
30025,"Fallon County, Montana",Great Falls-Billings,Great Falls-Billings,Portland in Oregon
30111,"Yellowstone County, Montana",Great Falls-Billings,Great Falls-Billings,Portland in Oregon
30051,"Liberty County, Montana",Great Falls-Billings,Great Falls-Billings,Portland in Oregon
30095,"Stillwater County, Montana",Great Falls-Billings,Great Falls-Billings,Portland in Oregon
30019,"Daniels County, Montana",Great Falls-Billings,Great Falls-Billings,Portland in Oregon
30085,"Roosevelt County, Montana",Great Falls-Billings,Great Falls-Billings,Portland in Oregon
30009,"Carbon County, Montana",Great Falls-Billings,Great Falls-Billings,Portland in Oregon
55015,"Calumet County, Wisconsin",Green Bay,Green Bay,Milwaukee
55078,"Menominee County, Wisconsin",Green Bay,Green Bay,Milwaukee
55139,"Winnebago County, Wisconsin",Green Bay,Green Bay,Milwaukee
55037,"Florence County, Wisconsin",Green Bay,Green Bay,Milwaukee
55071,"Manitowoc County, Wisconsin",Green Bay,Green Bay,Milwaukee
55041,"Forest County, Wisconsin",Green Bay,Green Bay,Milwaukee
55137,"Waushara County, Wisconsin",Green Bay,Green Bay,Milwaukee
55009,"Brown County, Wisconsin",Green Bay,Green Bay,Milwaukee
55075,"Marinette County, Wisconsin",Green Bay,Green Bay,Milwaukee
55029,"Door County, Wisconsin",Green Bay,Green Bay,Milwaukee
55067,"Langlade County, Wisconsin",Green Bay,Green Bay,Milwaukee
55135,"Waupaca County, Wisconsin",Green Bay,Green Bay,Milwaukee
55083,"Oconto County, Wisconsin",Green Bay,Green Bay,Milwaukee
55061,"Kewaunee County, Wisconsin",Green Bay,Green Bay,Milwaukee
55115,"Shawano County, Wisconsin",Green Bay,Green Bay,Milwaukee
55087,"Outagamie County, Wisconsin",Green Bay,Green Bay,Milwaukee
42129,"Westmoreland County, Pennsylvania",Greensburg,Greensburg,Philadelphia
42005,"Armstrong County, Pennsylvania",Greensburg,Greensburg,Philadelphia
42051,"Fayette County, Pennsylvania",Greensburg,Greensburg,Philadelphia
42063,"Indiana County, Pennsylvania",Greensburg,Greensburg,Philadelphia
42109,"Snyder County, Pennsylvania",Harrisburg,Harrisburg,Philadelphia
42097,"Northumberland County, Pennsylvania",Harrisburg,Harrisburg,Philadelphia
42133,"York County, Pennsylvania",Harrisburg,Harrisburg,Philadelphia
42087,"Mifflin County, Pennsylvania",Harrisburg,Harrisburg,Philadelphia
42037,"Columbia County, Pennsylvania",Harrisburg,Harrisburg,Philadelphia
42001,"Adams County, Pennsylvania",Harrisburg,Harrisburg,Philadelphia
42067,"Juniata County, Pennsylvania",Harrisburg,Harrisburg,Philadelphia
42071,"Lancaster County, Pennsylvania",Harrisburg,Harrisburg,Philadelphia
42099,"Perry County, Pennsylvania",Harrisburg,Harrisburg,Philadelphia
42043,"Dauphin County, Pennsylvania",Harrisburg,Harrisburg,Philadelphia
42093,"Montour County, Pennsylvania",Harrisburg,Harrisburg,Philadelphia
42041,"Cumberland County, Pennsylvania",Harrisburg,Harrisburg,Philadelphia
42075,"Lebanon County, Pennsylvania",Harrisburg,Harrisburg,Philadelphia
42055,"Franklin County, Pennsylvania",Harrisburg,Harrisburg,Philadelphia
42119,"Union County, Pennsylvania",Harrisburg,Harrisburg,Philadelphia
09003,"Hartford County, Connecticut",Hartford,Hartford,Hartford
09005,"Litchfield County, Connecticut",Hartford,Hartford,Hartford
09009,"New Haven County, Connecticut",Hartford,Hartford,Hartford
30107,"Wheatland County, Montana",Helena,Helena,Portland in Oregon
30039,"Granite County, Montana",Helena,Helena,Portland in Oregon
30049,"Lewis and Clark County, Montana",Helena,Helena,Portland in Oregon
30031,"Gallatin County, Montana",Helena,"Cheyenne, Helena",Portland in Oregon
30089,"Sanders County, Montana",Helena,Helena,Portland in Oregon
30043,"Jefferson County, Montana",Helena,Helena,Portland in Oregon
30073,"Pondera County, Montana",Helena,Helena,Portland in Oregon
30081,"Ravalli County, Montana",Helena,Helena,Portland in Oregon
30101,"Toole County, Montana",Helena,"Great Falls-Billings, Helena",Portland in Oregon
30059,"Meagher County, Montana",Helena,Helena,Portland in Oregon
30077,"Powell County, Montana",Helena,Helena,Portland in Oregon
30007,"Broadwater County, Montana",Helena,Helena,Portland in Oregon
30023,"Deer Lodge County, Montana",Helena,Helena,Portland in Oregon
30061,"Mineral County, Montana",Helena,Helena,Portland in Oregon
30093,"Silver Bow County, Montana",Helena,Helena,Portland in Oregon
30029,"Flathead County, Montana",Helena,Helena,Portland in Oregon
30001,"Beaverhead County, Montana",Helena,Helena,Portland in Oregon
30063,"Missoula County, Montana",Helena,Helena,Portland in Oregon
30099,"Teton County, Montana",Helena,"Great Falls-Billings, Helena",Portland in Oregon
30047,"Lake County, Montana",Helena,Helena,Portland in Oregon
30053,"Lincoln County, Montana",Helena,Helena,Portland in Oregon
30057,"Madison County, Montana",Helena,Helena,Portland in Oregon
30035,"Glacier County, Montana",Helena,Helena,Portland in Oregon
15001,"Hawaii County, Hawaii",Honolulu,Honolulu,San Francisco
15003,"Honolulu County, Hawaii",Honolulu,Honolulu,San Francisco
15009,"Maui County, Hawaii",Honolulu,Honolulu,San Francisco
15007,"Kauai County, Hawaii",Honolulu,Honolulu,San Francisco
15005,"Kalawao County, Hawaii",Honolulu,Honolulu,San Francisco
22109,"Terrebonne Parish, Louisiana",Houma-Thibodaux,Houma-Thibodaux,New Orleans
22057,"Lafourche Parish, Louisiana",Houma-Thibodaux,Houma-Thibodaux,New Orleans
18093,"Lawrence County, Indiana",Indianapolis,Indianapolis,Indianapolis
18117,"Orange County, Indiana",Indianapolis,Indianapolis,Indianapolis
18059,"Hancock County, Indiana",Indianapolis,Indianapolis,Indianapolis
18109,"Morgan County, Indiana",Indianapolis,Indianapolis,Indianapolis
18105,"Monroe County, Indiana",Indianapolis,Indianapolis,Indianapolis
18145,"Shelby County, Indiana",Indianapolis,Indianapolis,Indianapolis
18137,"Ripley County, Indiana",Indianapolis,Indianapolis,Indianapolis
18143,"Scott County, Indiana",Indianapolis,Indianapolis,Indianapolis
18063,"Hendricks County, Indiana",Indianapolis,Indianapolis,Indianapolis
18155,"Switzerland County, Indiana",Indianapolis,Indianapolis,Indianapolis
18061,"Harrison County, Indiana",Indianapolis,Indianapolis,Indianapolis
18031,"Decatur County, Indiana",Indianapolis,Indianapolis,Indianapolis
18177,"Wayne County, Indiana",Indianapolis,Indianapolis,Indianapolis
18081,"Johnson County, Indiana",Indianapolis,Indianapolis,Indianapolis
18005,"Bartholomew County, Indiana",Indianapolis,Indianapolis,Indianapolis
18025,"Crawford County, Indiana",Indianapolis,Indianapolis,Indianapolis
18065,"Henry County, Indiana",Indianapolis,Indianapolis,Indianapolis
18175,"Washington County, Indiana",Indianapolis,Indianapolis,Indianapolis
18077,"Jefferson County, Indiana",Indianapolis,Indianapolis,Indianapolis
18079,"Jennings County, Indiana",Indianapolis,Indianapolis,Indianapolis
18121,"Parke County, Indiana",Indianapolis,Indianapolis,Indianapolis
18071,"Jackson County, Indiana",Indianapolis,Indianapolis,Indianapolis
18097,"Marion County, Indiana",Indianapolis,Indianapolis,Indianapolis
18029,"Dearborn County, Indiana",Indianapolis,Indianapolis,Indianapolis
18161,"Union County, Indiana",Indianapolis,Indianapolis,Indianapolis
18013,"Brown County, Indiana",Indianapolis,Indianapolis,Indianapolis
18021,"Clay County, Indiana",Indianapolis,Indianapolis,Indianapolis
18019,"Clark County, Indiana",Indianapolis,Indianapolis,Indianapolis
18047,"Franklin County, Indiana",Indianapolis,Indianapolis,Indianapolis
18115,"Ohio County, Indiana",Indianapolis,Indianapolis,Indianapolis
18043,"Floyd County, Indiana",Indianapolis,Indianapolis,Indianapolis
18139,"Rush County, Indiana",Indianapolis,Indianapolis,Indianapolis
18133,"Putnam County, Indiana",Indianapolis,Indianapolis,Indianapolis
18123,"Perry County, Indiana",Indianapolis,Indianapolis,Indianapolis
18167,"Vigo County, Indiana",Indianapolis,Indianapolis,Indianapolis
18041,"Fayette County, Indiana",Indianapolis,Indianapolis,Indianapolis
18119,"Owen County, Indiana",Indianapolis,Indianapolis,Indianapolis
18165,"Vermillion County, Indiana",Indianapolis,Indianapolis,Indianapolis
28061,"Jasper County, Mississippi",Jackson,Jackson,Mobile
28145,"Union County, Mississippi",Jackson,Jackson,Mobile
28089,"Madison County, Mississippi",Jackson,Jackson,Mobile
28117,"Prentiss County, Mississippi",Jackson,Jackson,Mobile
28007,"Attala County, Mississippi",Jackson,Jackson,Mobile
28021,"Claiborne County, Mississippi",Jackson,Jackson,Mobile
28159,"Winston County, Mississippi",Jackson,Jackson,Mobile
28095,"Monroe County, Mississippi",Jackson,Jackson,Mobile
28017,"Chickasaw County, Mississippi",Jackson,Jackson,Mobile
28053,"Humphreys County, Mississippi",Jackson,Jackson,Mobile
28075,"Lauderdale County, Mississippi",Jackson,Jackson,Mobile
28129,"Smith County, Mississippi",Jackson,Jackson,Mobile
28009,"Benton County, Mississippi",Jackson,Jackson,Mobile
28081,"Lee County, Mississippi",Jackson,Jackson,Mobile
28055,"Issaquena County, Mississippi",Jackson,Jackson,Mobile
28013,"Calhoun County, Mississippi",Jackson,Jackson,Mobile
28097,"Montgomery County, Mississippi",Jackson,Jackson,Mobile
28071,"Lafayette County, Mississippi",Jackson,Jackson,Mobile
28155,"Webster County, Mississippi",Jackson,Jackson,Mobile
28115,"Pontotoc County, Mississippi",Jackson,Jackson,Mobile
28105,"Oktibbeha County, Mississippi",Jackson,Jackson,Mobile
28043,"Grenada County, Mississippi",Jackson,Jackson,Mobile
28143,"Tunica County, Mississippi",Jackson,Jackson,Mobile
28125,"Sharkey County, Mississippi",Jackson,Jackson,Mobile
28085,"Lincoln County, Mississippi",Jackson,Jackson,Mobile
28029,"Copiah County, Mississippi",Jackson,Jackson,Mobile
28015,"Carroll County, Mississippi",Jackson,Jackson,Mobile
28163,"Yazoo County, Mississippi",Jackson,Jackson,Mobile
28057,"Itawamba County, Mississippi",Jackson,Jackson,Mobile
28087,"Lowndes County, Mississippi",Jackson,Jackson,Mobile
28001,"Adams County, Mississippi",Jackson,Jackson,Mobile
28093,"Marshall County, Mississippi",Jackson,Jackson,Mobile
28051,"Holmes County, Mississippi",Jackson,Jackson,Mobile
28135,"Tallahatchie County, Mississippi",Jackson,Jackson,Mobile
28133,"Sunflower County, Mississippi",Jackson,Jackson,Mobile
28005,"Amite County, Mississippi",Jackson,Jackson,Mobile
28099,"Neshoba County, Mississippi",Jackson,Jackson,Mobile
28101,"Newton County, Mississippi",Jackson,Jackson,Mobile
28151,"Washington County, Mississippi",Jackson,Jackson,Mobile
28011,"Bolivar County, Mississippi",Jackson,Jackson,Mobile
28033,"DeSoto County, Mississippi",Jackson,Jackson,Mobile
28113,"Pike County, Mississippi",Jackson,Jackson,Mobile
28123,"Scott County, Mississippi",Jackson,Jackson,Mobile
28149,"Warren County, Mississippi",Jackson,Jackson,Mobile
28103,"Noxubee County, Mississippi",Jackson,Jackson,Mobile
28119,"Quitman County, Mississippi",Jackson,Jackson,Mobile
28049,"Hinds County, Mississippi",Jackson,Jackson,Mobile
28121,"Rankin County, Mississippi",Jackson,Jackson,Mobile
28069,"Kemper County, Mississippi",Jackson,Jackson,Mobile
28139,"Tippah County, Mississippi",Jackson,Jackson,Mobile
28019,"Choctaw County, Mississippi",Jackson,Jackson,Mobile
28107,"Panola County, Mississippi",Jackson,Jackson,Mobile
28003,"Alcorn County, Mississippi",Jackson,Jackson,Mobile
28141,"Tishomingo County, Mississippi",Jackson,Jackson,Mobile
28157,"Wilkinson County, Mississippi",Jackson,Jackson,Mobile
28083,"Leflore County, Mississippi",Jackson,Jackson,Mobile
28079,"Leake County, Mississippi",Jackson,Jackson,Mobile
28025,"Clay County, Mississippi",Jackson,Jackson,Mobile
28027,"Coahoma County, Mississippi",Jackson,Jackson,Mobile
28127,"Simpson County, Mississippi",Jackson,Jackson,Mobile
28023,"Clarke County, Mississippi",Jackson,Jackson,Mobile
28037,"Franklin County, Mississippi",Jackson,Jackson,Mobile
28161,"Yalobusha County, Mississippi",Jackson,Jackson,Mobile
28137,"Tate County, Mississippi",Jackson,Jackson,Mobile
28063,"Jefferson County, Mississippi",Jackson,Jackson,Mobile
29141,"Morgan County, Missouri",Jefferson City,Jefferson City,St. Louis
29173,"Ralls County, Missouri",Jefferson City,Jefferson City,St. Louis
29051,"Cole County, Missouri",Jefferson City,Jefferson City,St. Louis
29139,"Montgomery County, Missouri",Jefferson City,Jefferson City,St. Louis
29019,"Boone County, Missouri",Jefferson City,Jefferson City,St. Louis
29161,"Phelps County, Missouri",Jefferson City,Jefferson City,St. Louis
29131,"Miller County, Missouri",Jefferson City,Jefferson City,St. Louis
29073,"Gasconade County, Missouri",Jefferson City,Jefferson City,St. Louis
29205,"Shelby County, Missouri",Jefferson City,Jefferson City,St. Louis
29111,"Lewis County, Missouri",Jefferson City,Jefferson City,St. Louis
29055,"Crawford County, Missouri",Jefferson City,Jefferson City,St. Louis
29169,"Pulaski County, Missouri",Jefferson City,Jefferson City,St. Louis
29121,"Macon County, Missouri",Jefferson City,Jefferson City,St. Louis
29197,"Schuyler County, Missouri",Jefferson City,Jefferson City,St. Louis
29089,"Howard County, Missouri",Jefferson City,Jefferson City,St. Louis
29163,"Pike County, Missouri",Jefferson City,Jefferson City,St. Louis
29001,"Adair County, Missouri",Jefferson City,Jefferson City,St. Louis
29199,"Scotland County, Missouri",Jefferson City,Jefferson City,St. Louis
29195,"Saline County, Missouri",Jefferson City,Jefferson City,St. Louis
29175,"Randolph County, Missouri",Jefferson City,Jefferson City,St. Louis
29053,"Cooper County, Missouri",Jefferson City,Jefferson City,St. Louis
29007,"Audrain County, Missouri",Jefferson City,Jefferson City,St. Louis
29125,"Maries County, Missouri",Jefferson City,Jefferson City,St. Louis
29211,"Sullivan County, Missouri",Jefferson City,Jefferson City,St. Louis
29029,"Camden County, Missouri",Jefferson City,Jefferson City,St. Louis
29041,"Chariton County, Missouri",Jefferson City,Jefferson City,St. Louis
29171,"Putnam County, Missouri",Jefferson City,Jefferson City,St. Louis
29115,"Linn County, Missouri",Jefferson City,Jefferson City,St. Louis
29103,"Knox County, Missouri",Jefferson City,Jefferson City,St. Louis
29137,"Monroe County, Missouri",Jefferson City,Jefferson City,St. Louis
29015,"Benton County, Missouri",Jefferson City,Jefferson City,St. Louis
29135,"Moniteau County, Missouri",Jefferson City,Jefferson City,St. Louis
29045,"Clark County, Missouri",Jefferson City,Jefferson City,St. Louis
29159,"Pettis County, Missouri",Jefferson City,Jefferson City,St. Louis
29027,"Callaway County, Missouri",Jefferson City,Jefferson City,St. Louis
29151,"Osage County, Missouri",Jefferson City,Jefferson City,St. Louis
29085,"Hickory County, Missouri",Jefferson City,Jefferson City,St. Louis
29127,"Marion County, Missouri",Jefferson City,Jefferson City,St. Louis
17091,"Kankakee County, Illinois",Joliet,Joliet,Chicago
17063,"Grundy County, Illinois",Joliet,Joliet,Chicago
17197,"Will County, Illinois",Joliet,Joliet,Chicago
17093,"Kendall County, Illinois",Joliet,Joliet,Chicago
17075,"Iroquois County, Illinois",Joliet,Joliet,Chicago
17053,"Ford County, Illinois",Joliet,Joliet,Chicago
17043,"DuPage County, Illinois",Joliet,Joliet,Chicago
26005,"Allegan County, Michigan",Kalamazoo,Kalamazoo,Detroit
26015,"Barry County, Michigan",Kalamazoo,Kalamazoo,Detroit
26149,"St. Joseph County, Michigan",Kalamazoo,Kalamazoo,Detroit
26027,"Cass County, Michigan",Kalamazoo,Kalamazoo,Detroit
26159,"Van Buren County, Michigan",Kalamazoo,Kalamazoo,Detroit
26077,"Kalamazoo County, Michigan",Kalamazoo,Kalamazoo,Detroit
26021,"Berrien County, Michigan",Kalamazoo,Kalamazoo,Detroit
26023,"Branch County, Michigan",Kalamazoo,Kalamazoo,Detroit
26025,"Calhoun County, Michigan",Kalamazoo,Kalamazoo,Detroit
20149,"Pottawatomie County, Kansas",Kansas City in Kansas,Kansas City in Kansas,Kansas City in Kansas
20111,"Lyon County, Kansas",Kansas City in Kansas,Kansas City in Kansas,Kansas City in Kansas
20087,"Jefferson County, Kansas",Kansas City in Kansas,Kansas City in Kansas,Kansas City in Kansas
20103,"Leavenworth County, Kansas",Kansas City in Kansas,Kansas City in Kansas,Kansas City in Kansas
20013,"Brown County, Kansas",Kansas City in Kansas,Kansas City in Kansas,Kansas City in Kansas
20059,"Franklin County, Kansas",Kansas City in Kansas,Kansas City in Kansas,Kansas City in Kansas
20003,"Anderson County, Kansas",Kansas City in Kansas,Kansas City in Kansas,Kansas City in Kansas
20197,"Wabaunsee County, Kansas",Kansas City in Kansas,Kansas City in Kansas,Kansas City in Kansas
20091,"Johnson County, Kansas",Kansas City in Kansas,Kansas City in Kansas,Kansas City in Kansas
20031,"Coffey County, Kansas",Kansas City in Kansas,Kansas City in Kansas,Kansas City in Kansas
20043,"Doniphan County, Kansas",Kansas City in Kansas,Kansas City in Kansas,Kansas City in Kansas
20209,"Wyandotte County, Kansas",Kansas City in Kansas,Kansas City in Kansas,Kansas City in Kansas
20005,"Atchison County, Kansas",Kansas City in Kansas,Kansas City in Kansas,Kansas City in Kansas
20117,"Marshall County, Kansas",Kansas City in Kansas,Kansas City in Kansas,Kansas City in Kansas
20085,"Jackson County, Kansas",Kansas City in Kansas,Kansas City in Kansas,Kansas City in Kansas
20045,"Douglas County, Kansas",Kansas City in Kansas,Kansas City in Kansas,Kansas City in Kansas
20107,"Linn County, Kansas",Kansas City in Kansas,Kansas City in Kansas,Kansas City in Kansas
20139,"Osage County, Kansas",Kansas City in Kansas,Kansas City in Kansas,Kansas City in Kansas
20131,"Nemaha County, Kansas",Kansas City in Kansas,Kansas City in Kansas,Kansas City in Kansas
20177,"Shawnee County, Kansas",Kansas City in Kansas,Kansas City in Kansas,Kansas City in Kansas
20121,"Miami County, Kansas",Kansas City in Kansas,Kansas City in Kansas,Kansas City in Kansas
29095,"Jackson County, Missouri",Kansas City-St. Joseph,Kansas City-St. Joseph,St. Louis
29087,"Holt County, Missouri",Kansas City-St. Joseph,Kansas City-St. Joseph,St. Louis
29025,"Caldwell County, Missouri",Kansas City-St. Joseph,Kansas City-St. Joseph,St. Louis
29107,"Lafayette County, Missouri",Kansas City-St. Joseph,Kansas City-St. Joseph,St. Louis
29227,"Worth County, Missouri",Kansas City-St. Joseph,Kansas City-St. Joseph,St. Louis
29021,"Buchanan County, Missouri",Kansas City-St. Joseph,Kansas City-St. Joseph,St. Louis
29005,"Atchison County, Missouri",Kansas City-St. Joseph,Kansas City-St. Joseph,St. Louis
29147,"Nodaway County, Missouri",Kansas City-St. Joseph,Kansas City-St. Joseph,St. Louis
29177,"Ray County, Missouri",Kansas City-St. Joseph,Kansas City-St. Joseph,St. Louis
29013,"Bates County, Missouri",Kansas City-St. Joseph,Kansas City-St. Joseph,St. Louis
29003,"Andrew County, Missouri",Kansas City-St. Joseph,Kansas City-St. Joseph,St. Louis
29165,"Platte County, Missouri",Kansas City-St. Joseph,Kansas City-St. Joseph,St. Louis
29079,"Grundy County, Missouri",Kansas City-St. Joseph,Kansas City-St. Joseph,St. Louis
29061,"Daviess County, Missouri",Kansas City-St. Joseph,Kansas City-St. Joseph,St. Louis
29037,"Cass County, Missouri",Kansas City-St. Joseph,Kansas City-St. Joseph,St. Louis
29081,"Harrison County, Missouri",Kansas City-St. Joseph,Kansas City-St. Joseph,St. Louis
29049,"Clinton County, Missouri",Kansas City-St. Joseph,Kansas City-St. Joseph,St. Louis
29033,"Carroll County, Missouri",Kansas City-St. Joseph,Kansas City-St. Joseph,St. Louis
29217,"Vernon County, Missouri",Kansas City-St. Joseph,Kansas City-St. Joseph,St. Louis
29185,"St. Clair County, Missouri",Kansas City-St. Joseph,Kansas City-St. Joseph,St. Louis
29047,"Clay County, Missouri",Kansas City-St. Joseph,Kansas City-St. Joseph,St. Louis
29129,"Mercer County, Missouri",Kansas City-St. Joseph,Kansas City-St. Joseph,St. Louis
29063,"DeKalb County, Missouri",Kansas City-St. Joseph,Kansas City-St. Joseph,St. Louis
29101,"Johnson County, Missouri",Kansas City-St. Joseph,Kansas City-St. Joseph,St. Louis
29083,"Henry County, Missouri",Kansas City-St. Joseph,Kansas City-St. Joseph,St. Louis
29117,"Livingston County, Missouri",Kansas City-St. Joseph,Kansas City-St. Joseph,St. Louis
29075,"Gentry County, Missouri",Kansas City-St. Joseph,Kansas City-St. Joseph,St. Louis
47123,"Monroe County, Tennessee",Knoxville,Knoxville,Louisville
47115,"Marion County, Tennessee",Knoxville,Knoxville,Louisville
47059,"Greene County, Tennessee",Knoxville,Knoxville,Louisville
47065,"Hamilton County, Tennessee",Knoxville,Knoxville,Louisville
47151,"Scott County, Tennessee",Knoxville,Knoxville,Louisville
47019,"Carter County, Tennessee",Knoxville,Knoxville,Louisville
47009,"Blount County, Tennessee",Knoxville,Knoxville,Louisville
47179,"Washington County, Tennessee",Knoxville,Knoxville,Louisville
47121,"Meigs County, Tennessee",Knoxville,Knoxville,Louisville
47035,"Cumberland County, Tennessee",Knoxville,Knoxville,Louisville
47163,"Sullivan County, Tennessee",Knoxville,Knoxville,Louisville
47007,"Bledsoe County, Tennessee",Knoxville,Knoxville,Louisville
47091,"Johnson County, Tennessee",Knoxville,Knoxville,Louisville
47073,"Hawkins County, Tennessee",Knoxville,Knoxville,Louisville
47013,"Campbell County, Tennessee",Knoxville,Knoxville,Louisville
47155,"Sevier County, Tennessee",Knoxville,Knoxville,Louisville
47139,"Polk County, Tennessee",Knoxville,Knoxville,Louisville
47089,"Jefferson County, Tennessee",Knoxville,Knoxville,Louisville
47171,"Unicoi County, Tennessee",Knoxville,Knoxville,Louisville
47129,"Morgan County, Tennessee",Knoxville,Knoxville,Louisville
47011,"Bradley County, Tennessee",Knoxville,Knoxville,Louisville
47049,"Fentress County, Tennessee",Knoxville,Knoxville,Louisville
47137,"Pickett County, Tennessee",Knoxville,Knoxville,Louisville
47105,"Loudon County, Tennessee",Knoxville,Knoxville,Louisville
47001,"Anderson County, Tennessee",Knoxville,Knoxville,Louisville
47173,"Union County, Tennessee",Knoxville,Knoxville,Louisville
47145,"Roane County, Tennessee",Knoxville,Knoxville,Louisville
47063,"Hamblen County, Tennessee",Knoxville,Knoxville,Louisville
47153,"Sequatchie County, Tennessee",Knoxville,Knoxville,Louisville
47025,"Claiborne County, Tennessee",Knoxville,Knoxville,Louisville
47057,"Grainger County, Tennessee",Knoxville,Knoxville,Louisville
47029,"Cocke County, Tennessee",Knoxville,Knoxville,Louisville
47093,"Knox County, Tennessee",Knoxville,Knoxville,Louisville
47107,"McMinn County, Tennessee",Knoxville,Knoxville,Louisville
47143,"Rhea County, Tennessee",Knoxville,Knoxville,Louisville
47067,"Hancock County, Tennessee",Knoxville,Knoxville,Louisville
55081,"Monroe County, Wisconsin",La Crosse,La Crosse,Milwaukee
55093,"Pierce County, Wisconsin",La Crosse,La Crosse,Milwaukee
55023,"Crawford County, Wisconsin",La Crosse,La Crosse,Milwaukee
55001,"Adams County, Wisconsin",La Crosse,La Crosse,Milwaukee
55091,"Pepin County, Wisconsin",La Crosse,La Crosse,Milwaukee
55063,"La Crosse County, Wisconsin",La Crosse,La Crosse,Milwaukee
55017,"Chippewa County, Wisconsin",La Crosse,La Crosse,Milwaukee
55073,"Marathon County, Wisconsin",La Crosse,La Crosse,Milwaukee
55103,"Richland County, Wisconsin",La Crosse,La Crosse,Milwaukee
55019,"Clark County, Wisconsin",La Crosse,La Crosse,Milwaukee
55057,"Juneau County, Wisconsin",La Crosse,La Crosse,Milwaukee
55123,"Vernon County, Wisconsin",La Crosse,La Crosse,Milwaukee
55141,"Wood County, Wisconsin",La Crosse,La Crosse,Milwaukee
55121,"Trempealeau County, Wisconsin",La Crosse,La Crosse,Milwaukee
55035,"Eau Claire County, Wisconsin",La Crosse,La Crosse,Milwaukee
55033,"Dunn County, Wisconsin",La Crosse,La Crosse,Milwaukee
55053,"Jackson County, Wisconsin",La Crosse,La Crosse,Milwaukee
55011,"Buffalo County, Wisconsin",La Crosse,La Crosse,Milwaukee
55097,"Portage County, Wisconsin",La Crosse,La Crosse,Milwaukee
18045,"Fountain County, Indiana",Lafayette in Indiana,Lafayette in Indiana,Indianapolis
18017,"Cass County, Indiana",Lafayette in Indiana,Lafayette in Indiana,Indianapolis
18107,"Montgomery County, Indiana",Lafayette in Indiana,Lafayette in Indiana,Indianapolis
18073,"Jasper County, Indiana",Lafayette in Indiana,Lafayette in Indiana,Indianapolis
18067,"Howard County, Indiana",Lafayette in Indiana,Lafayette in Indiana,Indianapolis
18181,"White County, Indiana",Lafayette in Indiana,Lafayette in Indiana,Indianapolis
18171,"Warren County, Indiana",Lafayette in Indiana,Lafayette in Indiana,Indianapolis
18075,"Jay County, Indiana",Lafayette in Indiana,Lafayette in Indiana,Indianapolis
18111,"Newton County, Indiana",Lafayette in Indiana,Lafayette in Indiana,Indianapolis
18159,"Tipton County, Indiana",Lafayette in Indiana,Lafayette in Indiana,Indianapolis
18131,"Pulaski County, Indiana",Lafayette in Indiana,Lafayette in Indiana,Indianapolis
18135,"Randolph County, Indiana",Lafayette in Indiana,Lafayette in Indiana,Indianapolis
18095,"Madison County, Indiana",Lafayette in Indiana,Lafayette in Indiana,Indianapolis
18015,"Carroll County, Indiana",Lafayette in Indiana,Lafayette in Indiana,Indianapolis
18035,"Delaware County, Indiana",Lafayette in Indiana,Lafayette in Indiana,Indianapolis
18023,"Clinton County, Indiana",Lafayette in Indiana,Lafayette in Indiana,Indianapolis
18103,"Miami County, Indiana",Lafayette in Indiana,Lafayette in Indiana,Indianapolis
18057,"Hamilton County, Indiana",Lafayette in Indiana,Lafayette in Indiana,Indianapolis
18007,"Benton County, Indiana",Lafayette in Indiana,Lafayette in Indiana,Indianapolis
18157,"Tippecanoe County, Indiana",Lafayette in Indiana,Lafayette in Indiana,Indianapolis
18053,"Grant County, Indiana",Lafayette in Indiana,Lafayette in Indiana,Indianapolis
18009,"Blackford County, Indiana",Lafayette in Indiana,Lafayette in Indiana,Indianapolis
18011,"Boone County, Indiana",Lafayette in Indiana,Lafayette in Indiana,Indianapolis
18049,"Fulton County, Indiana",Lafayette in Indiana,Lafayette in Indiana,Indianapolis
22097,"St. Landry Parish, Louisiana",Lafayette in Louisiana,Lafayette in Louisiana,New Orleans
22045,"Iberia Parish, Louisiana",Lafayette in Louisiana,Lafayette in Louisiana,New Orleans
22055,"Lafayette Parish, Louisiana",Lafayette in Louisiana,Lafayette in Louisiana,New Orleans
22099,"St. Martin Parish, Louisiana",Lafayette in Louisiana,Lafayette in Louisiana,New Orleans
22101,"St. Mary Parish, Louisiana",Lafayette in Louisiana,"Houma-Thibodaux, Lafayette in Louisiana",New Orleans
22113,"Vermilion Parish, Louisiana",Lafayette in Louisiana,Lafayette in Louisiana,New Orleans
22039,"Evangeline Parish, Louisiana",Lafayette in Louisiana,Lafayette in Louisiana,New Orleans
22001,"Acadia Parish, Louisiana",Lafayette in Louisiana,Lafayette in Louisiana,New Orleans
22019,"Calcasieu Parish, Louisiana",Lake Charles,Lake Charles,New Orleans
22011,"Beauregard Parish, Louisiana",Lake Charles,Lake Charles,New Orleans
22053,"Jefferson Davis Parish, Louisiana",Lake Charles,Lake Charles,New Orleans
22003,"Allen Parish, Louisiana",Lake Charles,Lake Charles,New Orleans
22023,"Cameron Parish, Louisiana",Lake Charles,Lake Charles,New Orleans
26093,"Livingston County, Michigan",Lansing,Lansing,Detroit
26037,"Clinton County, Michigan",Lansing,Lansing,Detroit
26091,"Lenawee County, Michigan",Lansing,Lansing,Detroit
26049,"Genesee County, Michigan",Lansing,Lansing,Detroit
26045,"Eaton County, Michigan",Lansing,Lansing,Detroit
26161,"Washtenaw County, Michigan",Lansing,Lansing,Detroit
26075,"Jackson County, Michigan",Lansing,Lansing,Detroit
26155,"Shiawassee County, Michigan",Lansing,Lansing,Detroit
26065,"Ingham County, Michigan",Lansing,Lansing,Detroit
26059,"Hillsdale County, Michigan",Lansing,Lansing,Detroit
48247,"Jim Hogg County, Texas",Laredo,Laredo,San Antonio
48127,"Dimmit County, Texas",Laredo,Laredo,San Antonio
48479,"Webb County, Texas",Laredo,Laredo,San Antonio
48283,"La Salle County, Texas",Laredo,Laredo,San Antonio
48323,"Maverick County, Texas",Laredo,Laredo,San Antonio
48505,"Zapata County, Texas",Laredo,Laredo,San Antonio
48507,"Zavala County, Texas",Laredo,Laredo,San Antonio
35029,"Luna County, New Mexico",Las Cruces,Las Cruces,Santa Fe
35027,"Lincoln County, New Mexico",Las Cruces,Las Cruces,Santa Fe
35051,"Sierra County, New Mexico",Las Cruces,Las Cruces,Santa Fe
35015,"Eddy County, New Mexico",Las Cruces,Las Cruces,Santa Fe
35013,"Doña Ana County, New Mexico",Las Cruces,Las Cruces,Santa Fe
35035,"Otero County, New Mexico",Las Cruces,Las Cruces,Santa Fe
35017,"Grant County, New Mexico",Las Cruces,Las Cruces,Santa Fe
35023,"Hidalgo County, New Mexico",Las Cruces,Las Cruces,Santa Fe
35025,"Lea County, New Mexico",Las Cruces,Las Cruces,Santa Fe
35005,"Chaves County, New Mexico",Las Cruces,Las Cruces,Santa Fe
32003,"Clark County, Nevada",Las Vegas,Las Vegas,Las Vegas
32023,"Nye County, Nevada",Las Vegas,Las Vegas,Las Vegas
32009,"Esmeralda County, Nevada",Las Vegas,Las Vegas,Las Vegas
32017,"Lincoln County, Nevada",Las Vegas,Las Vegas,Las Vegas
32033,"White Pine County, Nevada",Las Vegas,Las Vegas,Las Vegas
21095,"Harlan County, Kentucky",Lexington,Lexington,Louisville
21113,"Jessamine County, Kentucky",Lexington,Lexington,Louisville
21231,"Wayne County, Kentucky",Lexington,Lexington,Louisville
21147,"McCreary County, Kentucky",Lexington,Lexington,Louisville
21133,"Letcher County, Kentucky",Lexington,Lexington,Louisville
21089,"Greenup County, Kentucky",Lexington,Lexington,Louisville
21049,"Clark County, Kentucky",Lexington,Lexington,Louisville
21011,"Bath County, Kentucky",Lexington,Lexington,Louisville
21239,"Woodford County, Kentucky",Lexington,Lexington,Louisville
21073,"Franklin County, Kentucky",Lexington,Lexington,Louisville
21071,"Floyd County, Kentucky",Lexington,Lexington,Louisville
21125,"Laurel County, Kentucky",Lexington,Lexington,Louisville
21063,"Elliott County, Kentucky",Lexington,Lexington,Louisville
21109,"Jackson County, Kentucky",Lexington,Lexington,Louisville
21175,"Morgan County, Kentucky",Lexington,Lexington,Louisville
21127,"Lawrence County, Kentucky",Lexington,Lexington,Louisville
21119,"Knott County, Kentucky",Lexington,Lexington,Louisville
21205,"Rowan County, Kentucky",Lexington,Lexington,Louisville
21121,"Knox County, Kentucky",Lexington,Lexington,Louisville
21193,"Perry County, Kentucky",Lexington,Lexington,Louisville
21203,"Rockcastle County, Kentucky",Lexington,Lexington,Louisville
21079,"Garrard County, Kentucky",Lexington,Lexington,Louisville
21025,"Breathitt County, Kentucky",Lexington,Lexington,Louisville
21013,"Bell County, Kentucky",Lexington,Lexington,Louisville
21129,"Lee County, Kentucky",Lexington,Lexington,Louisville
21137,"Lincoln County, Kentucky",Lexington,Lexington,Louisville
21021,"Boyle County, Kentucky",Lexington,Lexington,Louisville
21065,"Estill County, Kentucky",Lexington,Lexington,Louisville
21199,"Pulaski County, Kentucky",Lexington,Lexington,Louisville
21131,"Leslie County, Kentucky",Lexington,Lexington,Louisville
21151,"Madison County, Kentucky",Lexington,Lexington,Louisville
21159,"Martin County, Kentucky",Lexington,Lexington,Louisville
21189,"Owsley County, Kentucky",Lexington,Lexington,Louisville
21017,"Bourbon County, Kentucky",Lexington,Lexington,Louisville
21235,"Whitley County, Kentucky",Lexington,Lexington,Louisville
21165,"Menifee County, Kentucky",Lexington,Lexington,Louisville
21019,"Boyd County, Kentucky",Lexington,Lexington,Louisville
21115,"Johnson County, Kentucky",Lexington,Lexington,Louisville
21209,"Scott County, Kentucky",Lexington,Lexington,Louisville
21195,"Pike County, Kentucky",Lexington,Lexington,Louisville
21181,"Nicholas County, Kentucky",Lexington,Lexington,Louisville
21067,"Fayette County, Kentucky",Lexington,Lexington,Louisville
21167,"Mercer County, Kentucky",Lexington,Lexington,Louisville
21197,"Powell County, Kentucky",Lexington,Lexington,Louisville
21043,"Carter County, Kentucky",Lexington,Lexington,Louisville
21237,"Wolfe County, Kentucky",Lexington,Lexington,Louisville
21005,"Anderson County, Kentucky",Lexington,Lexington,Louisville
21153,"Magoffin County, Kentucky",Lexington,Lexington,Louisville
21051,"Clay County, Kentucky",Lexington,Lexington,Louisville
21173,"Montgomery County, Kentucky",Lexington,Lexington,Louisville
31181,"Webster County, Nebraska",Lincoln,Lincoln,Omaha
31145,"Red Willow County, Nebraska",Lincoln,Lincoln,Omaha
31129,"Nuckolls County, Nebraska",Lincoln,Lincoln,Omaha
31137,"Phelps County, Nebraska",Lincoln,Lincoln,Omaha
31081,"Hamilton County, Nebraska",Lincoln,Lincoln,Omaha
31073,"Gosper County, Nebraska",Lincoln,Lincoln,Omaha
31063,"Frontier County, Nebraska",Lincoln,Lincoln,Omaha
31155,"Saunders County, Nebraska",Lincoln,Lincoln,Omaha
31133,"Pawnee County, Nebraska",Lincoln,Lincoln,Omaha
31109,"Lancaster County, Nebraska",Lincoln,Lincoln,Omaha
31131,"Otoe County, Nebraska",Lincoln,Lincoln,Omaha
31023,"Butler County, Nebraska",Lincoln,Lincoln,Omaha
31127,"Nemaha County, Nebraska",Lincoln,Lincoln,Omaha
31025,"Cass County, Nebraska",Lincoln,Lincoln,Omaha
31159,"Seward County, Nebraska",Lincoln,Lincoln,Omaha
31035,"Clay County, Nebraska",Lincoln,Lincoln,Omaha
31169,"Thayer County, Nebraska",Lincoln,Lincoln,Omaha
31067,"Gage County, Nebraska",Lincoln,Lincoln,Omaha
31135,"Perkins County, Nebraska",Lincoln,Lincoln,Omaha
31143,"Polk County, Nebraska",Lincoln,Lincoln,Omaha
31083,"Harlan County, Nebraska",Lincoln,Lincoln,Omaha
31087,"Hitchcock County, Nebraska",Lincoln,Lincoln,Omaha
31099,"Kearney County, Nebraska",Lincoln,Lincoln,Omaha
31097,"Johnson County, Nebraska",Lincoln,Lincoln,Omaha
31061,"Franklin County, Nebraska",Lincoln,Lincoln,Omaha
31185,"York County, Nebraska",Lincoln,Lincoln,Omaha
31059,"Fillmore County, Nebraska",Lincoln,Lincoln,Omaha
31147,"Richardson County, Nebraska",Lincoln,Lincoln,Omaha
31111,"Lincoln County, Nebraska",Lincoln,"Grand Island, Lincoln",Omaha
31065,"Furnas County, Nebraska",Lincoln,Lincoln,Omaha
31057,"Dundy County, Nebraska",Lincoln,Lincoln,Omaha
31151,"Saline County, Nebraska",Lincoln,Lincoln,Omaha
31095,"Jefferson County, Nebraska",Lincoln,Lincoln,Omaha
31001,"Adams County, Nebraska",Lincoln,Lincoln,Omaha
31085,"Hayes County, Nebraska",Lincoln,Lincoln,Omaha
31029,"Chase County, Nebraska",Lincoln,Lincoln,Omaha
05119,"Pulaski County, Arkansas",Little Rock,Little Rock,Oklahoma City
05111,"Poinsett County, Arkansas",Little Rock,Little Rock,Oklahoma City
05123,"St. Francis County, Arkansas",Little Rock,Little Rock,Oklahoma City
05077,"Lee County, Arkansas",Little Rock,Little Rock,Oklahoma City
05075,"Lawrence County, Arkansas",Little Rock,Little Rock,Oklahoma City
05147,"Woodruff County, Arkansas",Little Rock,Little Rock,Oklahoma City
05061,"Howard County, Arkansas",Little Rock,Little Rock,Oklahoma City
05099,"Nevada County, Arkansas",Little Rock,Little Rock,Oklahoma City
05097,"Montgomery County, Arkansas",Little Rock,Little Rock,Oklahoma City
05053,"Grant County, Arkansas",Little Rock,Little Rock,Oklahoma City
05029,"Conway County, Arkansas",Little Rock,Little Rock,Oklahoma City
05007,"Benton County, Arkansas",Little Rock,Little Rock,Oklahoma City
05011,"Bradley County, Arkansas",Little Rock,Little Rock,Oklahoma City
05039,"Dallas County, Arkansas",Little Rock,Little Rock,Oklahoma City
05117,"Prairie County, Arkansas",Little Rock,Little Rock,Oklahoma City
05043,"Drew County, Arkansas",Little Rock,Little Rock,Oklahoma City
05109,"Pike County, Arkansas",Little Rock,Little Rock,Oklahoma City
05089,"Marion County, Arkansas",Little Rock,Little Rock,Oklahoma City
05115,"Pope County, Arkansas",Little Rock,Little Rock,Oklahoma City
05017,"Chicot County, Arkansas",Little Rock,Little Rock,Oklahoma City
05055,"Greene County, Arkansas",Little Rock,Little Rock,Oklahoma City
05125,"Saline County, Arkansas",Little Rock,Little Rock,Oklahoma City
05087,"Madison County, Arkansas",Little Rock,Little Rock,Oklahoma City
05135,"Sharp County, Arkansas",Little Rock,Little Rock,Oklahoma City
05139,"Union County, Arkansas",Little Rock,Little Rock,Oklahoma City
05073,"Lafayette County, Arkansas",Little Rock,Little Rock,Oklahoma City
05009,"Boone County, Arkansas",Little Rock,Little Rock,Oklahoma City
05035,"Crittenden County, Arkansas",Little Rock,Little Rock,Oklahoma City
05025,"Cleveland County, Arkansas",Little Rock,Little Rock,Oklahoma City
05131,"Sebastian County, Arkansas",Little Rock,Little Rock,Oklahoma City
05003,"Ashley County, Arkansas",Little Rock,Little Rock,Oklahoma City
05041,"Desha County, Arkansas",Little Rock,Little Rock,Oklahoma City
05081,"Little River County, Arkansas",Little Rock,Little Rock,Oklahoma City
05145,"White County, Arkansas",Little Rock,Little Rock,Oklahoma City
05067,"Jackson County, Arkansas",Little Rock,Little Rock,Oklahoma City
05005,"Baxter County, Arkansas",Little Rock,Little Rock,Oklahoma City
05103,"Ouachita County, Arkansas",Little Rock,Little Rock,Oklahoma City
05063,"Independence County, Arkansas",Little Rock,Little Rock,Oklahoma City
05085,"Lonoke County, Arkansas",Little Rock,Little Rock,Oklahoma City
05019,"Clark County, Arkansas",Little Rock,Little Rock,Oklahoma City
05037,"Cross County, Arkansas",Little Rock,Little Rock,Oklahoma City
05027,"Columbia County, Arkansas",Little Rock,Little Rock,Oklahoma City
05059,"Hot Spring County, Arkansas",Little Rock,Little Rock,Oklahoma City
05083,"Logan County, Arkansas",Little Rock,Little Rock,Oklahoma City
05091,"Miller County, Arkansas",Little Rock,Little Rock,Oklahoma City
05023,"Cleburne County, Arkansas",Little Rock,Little Rock,Oklahoma City
05031,"Craighead County, Arkansas",Little Rock,Little Rock,Oklahoma City
05105,"Perry County, Arkansas",Little Rock,Little Rock,Oklahoma City
05033,"Crawford County, Arkansas",Little Rock,Little Rock,Oklahoma City
05129,"Searcy County, Arkansas",Little Rock,Little Rock,Oklahoma City
05127,"Scott County, Arkansas",Little Rock,Little Rock,Oklahoma City
05001,"Arkansas County, Arkansas",Little Rock,Little Rock,Oklahoma City
05065,"Izard County, Arkansas",Little Rock,Little Rock,Oklahoma City
05015,"Carroll County, Arkansas",Little Rock,Little Rock,Oklahoma City
05121,"Randolph County, Arkansas",Little Rock,Little Rock,Oklahoma City
05101,"Newton County, Arkansas",Little Rock,Little Rock,Oklahoma City
05057,"Hempstead County, Arkansas",Little Rock,Little Rock,Oklahoma City
05079,"Lincoln County, Arkansas",Little Rock,Little Rock,Oklahoma City
05069,"Jefferson County, Arkansas",Little Rock,Little Rock,Oklahoma City
05047,"Franklin County, Arkansas",Little Rock,Little Rock,Oklahoma City
05133,"Sevier County, Arkansas",Little Rock,Little Rock,Oklahoma City
05051,"Garland County, Arkansas",Little Rock,Little Rock,Oklahoma City
05013,"Calhoun County, Arkansas",Little Rock,Little Rock,Oklahoma City
05107,"Phillips County, Arkansas",Little Rock,Little Rock,Oklahoma City
05113,"Polk County, Arkansas",Little Rock,Little Rock,Oklahoma City
05049,"Fulton County, Arkansas",Little Rock,Little Rock,Oklahoma City
05021,"Clay County, Arkansas",Little Rock,Little Rock,Oklahoma City
05137,"Stone County, Arkansas",Little Rock,Little Rock,Oklahoma City
05141,"Van Buren County, Arkansas",Little Rock,Little Rock,Oklahoma City
05071,"Johnson County, Arkansas",Little Rock,Little Rock,Oklahoma City
05093,"Mississippi County, Arkansas",Little Rock,Little Rock,Oklahoma City
05045,"Faulkner County, Arkansas",Little Rock,Little Rock,Oklahoma City
05149,"Yell County, Arkansas",Little Rock,Little Rock,Oklahoma City
05143,"Washington County, Arkansas",Little Rock,Little Rock,Oklahoma City
05095,"Monroe County, Arkansas",Little Rock,Little Rock,Oklahoma City
06111,"Ventura County, California",Los Angeles,Los Angeles,Los Angeles
06083,"Santa Barbara County, California",Los Angeles,Los Angeles,Los Angeles
06037,"Los Angeles County, California",Los Angeles,Los Angeles,Los Angeles
21217,"Taylor County, Kentucky",Louisville,Louisville,Louisville
21207,"Russell County, Kentucky",Louisville,Louisville,Louisville
21103,"Henry County, Kentucky",Louisville,Louisville,Louisville
21185,"Oldham County, Kentucky",Louisville,Louisville,Louisville
21171,"Monroe County, Kentucky",Louisville,Louisville,Louisville
21001,"Adair County, Kentucky",Louisville,Louisville,Louisville
21087,"Green County, Kentucky",Louisville,Louisville,Louisville
21211,"Shelby County, Kentucky",Louisville,Louisville,Louisville
21215,"Spencer County, Kentucky",Louisville,Louisville,Louisville
21123,"Larue County, Kentucky",Louisville,Louisville,Louisville
21111,"Jefferson County, Kentucky",Louisville,Louisville,Louisville
21179,"Nelson County, Kentucky",Louisville,Louisville,Louisville
21155,"Marion County, Kentucky",Louisville,Louisville,Louisville
21009,"Barren County, Kentucky",Louisville,Louisville,Louisville
21169,"Metcalfe County, Kentucky",Louisville,Louisville,Louisville
21045,"Casey County, Kentucky",Louisville,Louisville,Louisville
21057,"Cumberland County, Kentucky",Louisville,Louisville,Louisville
21053,"Clinton County, Kentucky",Louisville,Louisville,Louisville
21229,"Washington County, Kentucky",Louisville,Louisville,Louisville
21099,"Hart County, Kentucky",Louisville,Louisville,Louisville
21223,"Trimble County, Kentucky",Louisville,Louisville,Louisville
21163,"Meade County, Kentucky",Louisville,Louisville,Louisville
21093,"Hardin County, Kentucky",Louisville,Louisville,Louisville
21029,"Bullitt County, Kentucky",Louisville,Louisville,Louisville
48189,"Hale County, Texas",Lubbock,Lubbock,San Antonio
48125,"Dickens County, Texas",Lubbock,Lubbock,San Antonio
48263,"Kent County, Texas",Lubbock,Lubbock,San Antonio
48101,"Cottle County, Texas",Lubbock,Lubbock,San Antonio
48253,"Jones County, Texas",Lubbock,Lubbock,San Antonio
48303,"Lubbock County, Texas",Lubbock,Lubbock,San Antonio
48153,"Floyd County, Texas",Lubbock,Lubbock,San Antonio
48433,"Stonewall County, Texas",Lubbock,Lubbock,San Antonio
48033,"Borden County, Texas",Lubbock,Lubbock,San Antonio
48115,"Dawson County, Texas",Lubbock,Lubbock,San Antonio
48501,"Yoakum County, Texas",Lubbock,Lubbock,San Antonio
48207,"Haskell County, Texas",Lubbock,Lubbock,San Antonio
48445,"Terry County, Texas",Lubbock,Lubbock,San Antonio
48345,"Motley County, Texas",Lubbock,Lubbock,San Antonio
48079,"Cochran County, Texas",Lubbock,Lubbock,San Antonio
48279,"Lamb County, Texas",Lubbock,Lubbock,San Antonio
48305,"Lynn County, Texas",Lubbock,Lubbock,San Antonio
48269,"King County, Texas",Lubbock,Lubbock,San Antonio
48151,"Fisher County, Texas",Lubbock,Lubbock,San Antonio
48415,"Scurry County, Texas",Lubbock,Lubbock,San Antonio
48017,"Bailey County, Texas",Lubbock,Lubbock,San Antonio
48107,"Crosby County, Texas",Lubbock,Lubbock,San Antonio
48169,"Garza County, Texas",Lubbock,Lubbock,San Antonio
48165,"Gaines County, Texas",Lubbock,Lubbock,San Antonio
48219,"Hockley County, Texas",Lubbock,Lubbock,San Antonio
55047,"Green Lake County, Wisconsin",Madison,Madison,Milwaukee
55045,"Green County, Wisconsin",Madison,Madison,Milwaukee
55049,"Iowa County, Wisconsin",Madison,Madison,Milwaukee
55111,"Sauk County, Wisconsin",Madison,Madison,Milwaukee
55077,"Marquette County, Wisconsin",Madison,Madison,Milwaukee
55043,"Grant County, Wisconsin",Madison,Madison,Milwaukee
55065,"Lafayette County, Wisconsin",Madison,Madison,Milwaukee
55055,"Jefferson County, Wisconsin",Madison,Madison,Milwaukee
55105,"Rock County, Wisconsin",Madison,Madison,Milwaukee
55025,"Dane County, Wisconsin",Madison,Madison,Milwaukee
55021,"Columbia County, Wisconsin",Madison,Madison,Milwaukee
33013,"Merrimack County, New Hampshire",Manchester,Manchester,Boston
33001,"Belknap County, New Hampshire",Manchester,Manchester,Boston
33015,"Rockingham County, New Hampshire",Manchester,Manchester,Boston
33019,"Sullivan County, New Hampshire",Manchester,Manchester,Boston
33011,"Hillsborough County, New Hampshire",Manchester,Manchester,Boston
33005,"Cheshire County, New Hampshire",Manchester,Manchester,Boston
33007,"Coos County, New Hampshire",Manchester,Manchester,Boston
33017,"Strafford County, New Hampshire",Manchester,Manchester,Boston
33003,"Carroll County, New Hampshire",Manchester,Manchester,Boston
33009,"Grafton County, New Hampshire",Manchester,Manchester,Boston
26061,"Houghton County, Michigan",Marquette,Marquette,Detroit
26071,"Iron County, Michigan",Marquette,Marquette,Detroit
26013,"Baraga County, Michigan",Marquette,Marquette,Detroit
26109,"Menominee County, Michigan",Marquette,Marquette,Detroit
26103,"Marquette County, Michigan",Marquette,Marquette,Detroit
26033,"Chippewa County, Michigan",Marquette,Marquette,Detroit
26041,"Delta County, Michigan",Marquette,Marquette,Detroit
26043,"Dickinson County, Michigan",Marquette,Marquette,Detroit
26153,"Schoolcraft County, Michigan",Marquette,Marquette,Detroit
26003,"Alger County, Michigan",Marquette,Marquette,Detroit
26083,"Keweenaw County, Michigan",Marquette,Marquette,Detroit
26053,"Gogebic County, Michigan",Marquette,Marquette,Detroit
26095,"Luce County, Michigan",Marquette,Marquette,Detroit
26097,"Mackinac County, Michigan",Marquette,Marquette,Detroit
26131,"Ontonagon County, Michigan",Marquette,Marquette,Detroit
47017,"Carroll County, Tennessee",Memphis,Memphis,Louisville
47157,"Shelby County, Tennessee",Memphis,Memphis,Louisville
47071,"Hardin County, Tennessee",Memphis,Memphis,Louisville
47023,"Chester County, Tennessee",Memphis,Memphis,Louisville
47095,"Lake County, Tennessee",Memphis,Memphis,Louisville
47183,"Weakley County, Tennessee",Memphis,Memphis,Louisville
47077,"Henderson County, Tennessee",Memphis,Memphis,Louisville
47075,"Haywood County, Tennessee",Memphis,Memphis,Louisville
47069,"Hardeman County, Tennessee",Memphis,Memphis,Louisville
47131,"Obion County, Tennessee",Memphis,Memphis,Louisville
47039,"Decatur County, Tennessee",Memphis,Memphis,Louisville
47045,"Dyer County, Tennessee",Memphis,Memphis,Louisville
47053,"Gibson County, Tennessee",Memphis,Memphis,Louisville
47079,"Henry County, Tennessee",Memphis,Memphis,Louisville
47033,"Crockett County, Tennessee",Memphis,Memphis,Louisville
47097,"Lauderdale County, Tennessee",Memphis,Memphis,Louisville
47167,"Tipton County, Tennessee",Memphis,Memphis,Louisville
47005,"Benton County, Tennessee",Memphis,Memphis,Louisville
47047,"Fayette County, Tennessee",Memphis,Memphis,Louisville
47109,"McNairy County, Tennessee",Memphis,Memphis,Louisville
47113,"Madison County, Tennessee",Memphis,Memphis,Louisville
34041,"Warren County, New Jersey",Metuchen,Metuchen,Newark
34035,"Somerset County, New Jersey",Metuchen,Metuchen,Newark
34023,"Middlesex County, New Jersey",Metuchen,Metuchen,Newark
34019,"Hunterdon County, New Jersey",Metuchen,Metuchen,Newark
12011,"Broward County, Florida",Miami,Miami,Miami
12087,"Monroe County, Florida",Miami,Miami,Miami
12086,"Miami-Dade County, Florida",Miami,Miami,Miami
55027,"Dodge County, Wisconsin",Milwaukee,Milwaukee,Milwaukee
55059,"Kenosha County, Wisconsin",Milwaukee,Milwaukee,Milwaukee
55039,"Fond du Lac County, Wisconsin",Milwaukee,Milwaukee,Milwaukee
55079,"Milwaukee County, Wisconsin",Milwaukee,Milwaukee,Milwaukee
55101,"Racine County, Wisconsin",Milwaukee,Milwaukee,Milwaukee
55117,"Sheboygan County, Wisconsin",Milwaukee,Milwaukee,Milwaukee
55089,"Ozaukee County, Wisconsin",Milwaukee,Milwaukee,Milwaukee
55127,"Walworth County, Wisconsin",Milwaukee,Milwaukee,Milwaukee
55133,"Waukesha County, Wisconsin",Milwaukee,Milwaukee,Milwaukee
55131,"Washington County, Wisconsin",Milwaukee,Milwaukee,Milwaukee
01013,"Butler County, Alabama",Mobile,Mobile,Mobile
01047,"Dallas County, Alabama",Mobile,Mobile,Mobile
01061,"Geneva County, Alabama",Mobile,Mobile,Mobile
01109,"Pike County, Alabama",Mobile,Mobile,Mobile
01039,"Covington County, Alabama",Mobile,Mobile,Mobile
01023,"Choctaw County, Alabama",Mobile,Mobile,Mobile
01099,"Monroe County, Alabama",Mobile,Mobile,Mobile
01113,"Russell County, Alabama",Mobile,Mobile,Mobile
01005,"Barbour County, Alabama",Mobile,Mobile,Mobile
01085,"Lowndes County, Alabama",Mobile,Mobile,Mobile
01051,"Elmore County, Alabama",Mobile,Mobile,Mobile
01087,"Macon County, Alabama",Mobile,Mobile,Mobile
01053,"Escambia County, Alabama",Mobile,Mobile,Mobile
01035,"Conecuh County, Alabama",Mobile,Mobile,Mobile
01001,"Autauga County, Alabama",Mobile,Mobile,Mobile
01131,"Wilcox County, Alabama",Mobile,Mobile,Mobile
01011,"Bullock County, Alabama",Mobile,Mobile,Mobile
01045,"Dale County, Alabama",Mobile,Mobile,Mobile
01097,"Mobile County, Alabama",Mobile,Mobile,Mobile
01003,"Baldwin County, Alabama",Mobile,Mobile,Mobile
01101,"Montgomery County, Alabama",Mobile,Mobile,Mobile
01041,"Crenshaw County, Alabama",Mobile,Mobile,Mobile
01081,"Lee County, Alabama",Mobile,Mobile,Mobile
01129,"Washington County, Alabama",Mobile,Mobile,Mobile
01067,"Henry County, Alabama",Mobile,Mobile,Mobile
01031,"Coffee County, Alabama",Mobile,Mobile,Mobile
01025,"Clarke County, Alabama",Mobile,Mobile,Mobile
01069,"Houston County, Alabama",Mobile,Mobile,Mobile
06069,"San Benito County, California",Monterey,Monterey,Los Angeles
06079,"San Luis Obispo County, California",Monterey,Monterey,Los Angeles
06053,"Monterey County, California",Monterey,Monterey,Los Angeles
06087,"Santa Cruz County, California",Monterey,Monterey,Los Angeles
47031,"Coffee County, Tennessee",Nashville,Nashville,Louisville
47015,"Cannon County, Tennessee",Nashville,Nashville,Louisville
47037,"Davidson County, Tennessee",Nashville,Nashville,Louisville
47111,"Macon County, Tennessee",Nashville,Nashville,Louisville
47103,"Lincoln County, Tennessee",Nashville,Nashville,Louisville
47083,"Houston County, Tennessee",Nashville,Nashville,Louisville
47087,"Jackson County, Tennessee",Nashville,Nashville,Louisville
47169,"Trousdale County, Tennessee",Nashville,Nashville,Louisville
47055,"Giles County, Tennessee",Nashville,Nashville,Louisville
47119,"Maury County, Tennessee",Nashville,Nashville,Louisville
47185,"White County, Tennessee",Nashville,Nashville,Louisville
47101,"Lewis County, Tennessee",Nashville,Nashville,Louisville
47159,"Smith County, Tennessee",Nashville,Nashville,Louisville
47189,"Wilson County, Tennessee",Nashville,Nashville,Louisville
47127,"Moore County, Tennessee",Nashville,Nashville,Louisville
47133,"Overton County, Tennessee",Nashville,Nashville,Louisville
47149,"Rutherford County, Tennessee",Nashville,Nashville,Louisville
47181,"Wayne County, Tennessee",Nashville,Nashville,Louisville
47175,"Van Buren County, Tennessee",Nashville,Nashville,Louisville
47161,"Stewart County, Tennessee",Nashville,Nashville,Louisville
47085,"Humphreys County, Tennessee",Nashville,Nashville,Louisville
47021,"Cheatham County, Tennessee",Nashville,Nashville,Louisville
47043,"Dickson County, Tennessee",Nashville,Nashville,Louisville
47135,"Perry County, Tennessee",Nashville,Nashville,Louisville
47187,"Williamson County, Tennessee",Nashville,Nashville,Louisville
47003,"Bedford County, Tennessee",Nashville,Nashville,Louisville
47027,"Clay County, Tennessee",Nashville,Nashville,Louisville
47125,"Montgomery County, Tennessee",Nashville,Nashville,Louisville
47117,"Marshall County, Tennessee",Nashville,Nashville,Louisville
47051,"Franklin County, Tennessee",Nashville,Nashville,Louisville
47099,"Lawrence County, Tennessee",Nashville,Nashville,Louisville
47177,"Warren County, Tennessee",Nashville,Nashville,Louisville
47147,"Robertson County, Tennessee",Nashville,Nashville,Louisville
47141,"Putnam County, Tennessee",Nashville,Nashville,Louisville
47081,"Hickman County, Tennessee",Nashville,Nashville,Louisville
47061,"Grundy County, Tennessee",Nashville,Nashville,Louisville
47165,"Sumner County, Tennessee",Nashville,Nashville,Louisville
47041,"DeKalb County, Tennessee",Nashville,Nashville,Louisville
22051,"Jefferson Parish, Louisiana",New Orleans,"Houma-Thibodaux, New Orleans",New Orleans
22075,"Plaquemines Parish, Louisiana",New Orleans,New Orleans,New Orleans
22071,"Orleans Parish, Louisiana",New Orleans,New Orleans,New Orleans
22103,"St. Tammany Parish, Louisiana",New Orleans,New Orleans,New Orleans
22117,"Washington Parish, Louisiana",New Orleans,New Orleans,New Orleans
22089,"St. Charles Parish, Louisiana",New Orleans,New Orleans,New Orleans
22095,"St. John the Baptist Parish, Louisiana",New Orleans,New Orleans,New Orleans
22087,"St. Bernard Parish, Louisiana",New Orleans,New Orleans,New Orleans
27011,"Big Stone County, Minnesota",New Ulm,New Ulm,St. Paul and Minneapolis
27103,"Nicollet County, Minnesota",New Ulm,New Ulm,St. Paul and Minneapolis
27015,"Brown County, Minnesota",New Ulm,New Ulm,St. Paul and Minneapolis
27127,"Redwood County, Minnesota",New Ulm,New Ulm,St. Paul and Minneapolis
27085,"McLeod County, Minnesota",New Ulm,New Ulm,St. Paul and Minneapolis
27129,"Renville County, Minnesota",New Ulm,New Ulm,St. Paul and Minneapolis
27143,"Sibley County, Minnesota",New Ulm,New Ulm,St. Paul and Minneapolis
27083,"Lyon County, Minnesota",New Ulm,New Ulm,St. Paul and Minneapolis
27023,"Chippewa County, Minnesota",New Ulm,New Ulm,St. Paul and Minneapolis
27073,"Lac qui Parle County, Minnesota",New Ulm,New Ulm,St. Paul and Minneapolis
27093,"Meeker County, Minnesota",New Ulm,New Ulm,St. Paul and Minneapolis
27151,"Swift County, Minnesota",New Ulm,New Ulm,St. Paul and Minneapolis
27173,"Yellow Medicine County, Minnesota",New Ulm,New Ulm,St. Paul and Minneapolis
27081,"Lincoln County, Minnesota",New Ulm,New Ulm,St. Paul and Minneapolis
27067,"Kandiyohi County, Minnesota",New Ulm,New Ulm,St. Paul and Minneapolis
36005,"Bronx County, New York",New York,New York,New York
36027,"Dutchess County, New York",New York,New York,New York
36119,"Westchester County, New York",New York,New York,New York
36079,"Putnam County, New York",New York,New York,New York
36111,"Ulster County, New York",New York,New York,New York
36071,"Orange County, New York",New York,New York,New York
36061,"New York County, New York",New York,New York,New York
36085,"Richmond County, New York",New York,New York,New York
36105,"Sullivan County, New York",New York,New York,New York
36087,"Rockland County, New York",New York,New York,New York
34003,"Bergen County, New Jersey",Newark,Newark,Newark
34039,"Union County, New Jersey",Newark,Newark,Newark
34017,"Hudson County, New Jersey",Newark,Newark,Newark
34013,"Essex County, New Jersey",Newark,Newark,Newark
09013,"Tolland County, Connecticut",Norwich,Norwich,Hartford
09007,"Middlesex County, Connecticut",Norwich,Norwich,Hartford
09015,"Windham County, Connecticut",Norwich,Norwich,Hartford
09011,"New London County, Connecticut",Norwich,Norwich,Hartford
06001,"Alameda County, California",Oakland,Oakland,San Francisco
06013,"Contra Costa County, California",Oakland,Oakland,San Francisco
36089,"St. Lawrence County, New York",Ogdensburg,Ogdensburg,New York
36049,"Lewis County, New York",Ogdensburg,Ogdensburg,New York
36041,"Hamilton County, New York",Ogdensburg,"Albany, Ogdensburg",New York
36033,"Franklin County, New York",Ogdensburg,Ogdensburg,New York
36019,"Clinton County, New York",Ogdensburg,Ogdensburg,New York
36045,"Jefferson County, New York",Ogdensburg,Ogdensburg,New York
36031,"Essex County, New York",Ogdensburg,Ogdensburg,New York
40031,"Comanche County, Oklahoma",Oklahoma City,Oklahoma City,Oklahoma City
40011,"Blaine County, Oklahoma",Oklahoma City,Oklahoma City,Oklahoma City
40017,"Canadian County, Oklahoma",Oklahoma City,Oklahoma City,Oklahoma City
40043,"Dewey County, Oklahoma",Oklahoma City,Oklahoma City,Oklahoma City
40125,"Pottawatomie County, Oklahoma",Oklahoma City,Oklahoma City,Oklahoma City
40051,"Grady County, Oklahoma",Oklahoma City,Oklahoma City,Oklahoma City
40103,"Noble County, Oklahoma",Oklahoma City,Oklahoma City,Oklahoma City
40109,"Oklahoma County, Oklahoma",Oklahoma City,Oklahoma City,Oklahoma City
40053,"Grant County, Oklahoma",Oklahoma City,Oklahoma City,Oklahoma City
40027,"Cleveland County, Oklahoma",Oklahoma City,Oklahoma City,Oklahoma City
40141,"Tillman County, Oklahoma",Oklahoma City,Oklahoma City,Oklahoma City
40149,"Washita County, Oklahoma",Oklahoma City,Oklahoma City,Oklahoma City
40015,"Caddo County, Oklahoma",Oklahoma City,Oklahoma City,Oklahoma City
40073,"Kingfisher County, Oklahoma",Oklahoma City,Oklahoma City,Oklahoma City
40123,"Pontotoc County, Oklahoma",Oklahoma City,Oklahoma City,Oklahoma City
40075,"Kiowa County, Oklahoma",Oklahoma City,Oklahoma City,Oklahoma City
40071,"Kay County, Oklahoma",Oklahoma City,Oklahoma City,Oklahoma City
40067,"Jefferson County, Oklahoma",Oklahoma City,Oklahoma City,Oklahoma City
40137,"Stephens County, Oklahoma",Oklahoma City,Oklahoma City,Oklahoma City
40025,"Cimarron County, Oklahoma",Oklahoma City,Oklahoma City,Oklahoma City
40095,"Marshall County, Oklahoma",Oklahoma City,Oklahoma City,Oklahoma City
40039,"Custer County, Oklahoma",Oklahoma City,Oklahoma City,Oklahoma City
40049,"Garvin County, Oklahoma",Oklahoma City,Oklahoma City,Oklahoma City
40045,"Ellis County, Oklahoma",Oklahoma City,Oklahoma City,Oklahoma City
40093,"Major County, Oklahoma",Oklahoma City,Oklahoma City,Oklahoma City
40129,"Roger Mills County, Oklahoma",Oklahoma City,Oklahoma City,Oklahoma City
40085,"Love County, Oklahoma",Oklahoma City,Oklahoma City,Oklahoma City
40033,"Cotton County, Oklahoma",Oklahoma City,Oklahoma City,Oklahoma City
40087,"McClain County, Oklahoma",Oklahoma City,Oklahoma City,Oklahoma City
40059,"Harper County, Oklahoma",Oklahoma City,Oklahoma City,Oklahoma City
40019,"Carter County, Oklahoma",Oklahoma City,Oklahoma City,Oklahoma City
40055,"Greer County, Oklahoma",Oklahoma City,Oklahoma City,Oklahoma City
40133,"Seminole County, Oklahoma",Oklahoma City,Oklahoma City,Oklahoma City
40007,"Beaver County, Oklahoma",Oklahoma City,Oklahoma City,Oklahoma City
40151,"Woods County, Oklahoma",Oklahoma City,Oklahoma City,Oklahoma City
40083,"Logan County, Oklahoma",Oklahoma City,Oklahoma City,Oklahoma City
40099,"Murray County, Oklahoma",Oklahoma City,Oklahoma City,Oklahoma City
40065,"Jackson County, Oklahoma",Oklahoma City,Oklahoma City,Oklahoma City
40057,"Harmon County, Oklahoma",Oklahoma City,Oklahoma City,Oklahoma City
40069,"Johnston County, Oklahoma",Oklahoma City,Oklahoma City,Oklahoma City
40009,"Beckham County, Oklahoma",Oklahoma City,Oklahoma City,Oklahoma City
40003,"Alfalfa County, Oklahoma",Oklahoma City,Oklahoma City,Oklahoma City
40047,"Garfield County, Oklahoma",Oklahoma City,Oklahoma City,Oklahoma City
40081,"Lincoln County, Oklahoma",Oklahoma City,Oklahoma City,Oklahoma City
40139,"Texas County, Oklahoma",Oklahoma City,Oklahoma City,Oklahoma City
40153,"Woodward County, Oklahoma",Oklahoma City,Oklahoma City,Oklahoma City
31043,"Dakota County, Nebraska",Omaha,Omaha,Omaha
31177,"Washington County, Nebraska",Omaha,Omaha,Omaha
31055,"Douglas County, Nebraska",Omaha,Omaha,Omaha
31167,"Stanton County, Nebraska",Omaha,Omaha,Omaha
31119,"Madison County, Nebraska",Omaha,Omaha,Omaha
31107,"Knox County, Nebraska",Omaha,Omaha,Omaha
31037,"Colfax County, Nebraska",Omaha,Omaha,Omaha
31011,"Boone County, Nebraska",Omaha,Omaha,Omaha
31179,"Wayne County, Nebraska",Omaha,Omaha,Omaha
31141,"Platte County, Nebraska",Omaha,Omaha,Omaha
31027,"Cedar County, Nebraska",Omaha,Omaha,Omaha
31089,"Holt County, Nebraska",Omaha,Omaha,Omaha
31173,"Thurston County, Nebraska",Omaha,Omaha,Omaha
31125,"Nance County, Nebraska",Omaha,Omaha,Omaha
31053,"Dodge County, Nebraska",Omaha,Omaha,Omaha
31015,"Boyd County, Nebraska",Omaha,Omaha,Omaha
31139,"Pierce County, Nebraska",Omaha,Omaha,Omaha
31039,"Cuming County, Nebraska",Omaha,Omaha,Omaha
31021,"Burt County, Nebraska",Omaha,Omaha,Omaha
31153,"Sarpy County, Nebraska",Omaha,Omaha,Omaha
31121,"Merrick County, Nebraska",Omaha,Omaha,Omaha
31051,"Dixon County, Nebraska",Omaha,Omaha,Omaha
31003,"Antelope County, Nebraska",Omaha,Omaha,Omaha
06059,"Orange County, California",Orange,Orange,Los Angeles
12119,"Sumter County, Florida",Orlando,Orlando,Miami
12069,"Lake County, Florida",Orlando,Orlando,Miami
12105,"Polk County, Florida",Orlando,Orlando,Miami
12095,"Orange County, Florida",Orlando,Orlando,Miami
12127,"Volusia County, Florida",Orlando,Orlando,Miami
12083,"Marion County, Florida",Orlando,Orlando,Miami
12009,"Brevard County, Florida",Orlando,Orlando,Miami
12097,"Osceola County, Florida",Orlando,Orlando,Miami
12117,"Seminole County, Florida",Orlando,Orlando,Miami
21219,"Todd County, Kentucky",Owensboro,Owensboro,Louisville
21039,"Carlisle County, Kentucky",Owensboro,Owensboro,Louisville
21007,"Ballard County, Kentucky",Owensboro,Owensboro,Louisville
21183,"Ohio County, Kentucky",Owensboro,Owensboro,Louisville
21157,"Marshall County, Kentucky",Owensboro,Owensboro,Louisville
21139,"Livingston County, Kentucky",Owensboro,Owensboro,Louisville
21107,"Hopkins County, Kentucky",Owensboro,Owensboro,Louisville
21213,"Simpson County, Kentucky",Owensboro,Owensboro,Louisville
21221,"Trigg County, Kentucky",Owensboro,Owensboro,Louisville
21031,"Butler County, Kentucky",Owensboro,Owensboro,Louisville
21105,"Hickman County, Kentucky",Owensboro,Owensboro,Louisville
21141,"Logan County, Kentucky",Owensboro,Owensboro,Louisville
21033,"Caldwell County, Kentucky",Owensboro,Owensboro,Louisville
21227,"Warren County, Kentucky",Owensboro,Owensboro,Louisville
21027,"Breckinridge County, Kentucky",Owensboro,Owensboro,Louisville
21085,"Grayson County, Kentucky",Owensboro,Owensboro,Louisville
21061,"Edmonson County, Kentucky",Owensboro,Owensboro,Louisville
21035,"Calloway County, Kentucky",Owensboro,Owensboro,Louisville
21003,"Allen County, Kentucky",Owensboro,Owensboro,Louisville
21075,"Fulton County, Kentucky",Owensboro,Owensboro,Louisville
21233,"Webster County, Kentucky",Owensboro,Owensboro,Louisville
21047,"Christian County, Kentucky",Owensboro,Owensboro,Louisville
21101,"Henderson County, Kentucky",Owensboro,Owensboro,Louisville
21055,"Crittenden County, Kentucky",Owensboro,Owensboro,Louisville
21059,"Daviess County, Kentucky",Owensboro,Owensboro,Louisville
21177,"Muhlenberg County, Kentucky",Owensboro,Owensboro,Louisville
21143,"Lyon County, Kentucky",Owensboro,Owensboro,Louisville
21225,"Union County, Kentucky",Owensboro,Owensboro,Louisville
21145,"McCracken County, Kentucky",Owensboro,Owensboro,Louisville
21083,"Graves County, Kentucky",Owensboro,Owensboro,Louisville
21091,"Hancock County, Kentucky",Owensboro,Owensboro,Louisville
21149,"McLean County, Kentucky",Owensboro,Owensboro,Louisville
12093,"Okeechobee County, Florida",Palm Beach,Palm Beach,Miami
12085,"Martin County, Florida",Palm Beach,Palm Beach,Miami
12061,"Indian River County, Florida",Palm Beach,Palm Beach,Miami
12111,"St. Lucie County, Florida",Palm Beach,Palm Beach,Miami
12099,"Palm Beach County, Florida",Palm Beach,Palm Beach,Miami
34027,"Morris County, New Jersey",Paterson,Paterson,Newark
34031,"Passaic County, New Jersey",Paterson,Paterson,Newark
34037,"Sussex County, New Jersey",Paterson,Paterson,Newark
12039,"Gadsden County, Florida",Pensacola-Tallahassee,Pensacola-Tallahassee,Miami
12013,"Calhoun County, Florida",Pensacola-Tallahassee,Pensacola-Tallahassee,Miami
12091,"Okaloosa County, Florida",Pensacola-Tallahassee,Pensacola-Tallahassee,Miami
12065,"Jefferson County, Florida",Pensacola-Tallahassee,Pensacola-Tallahassee,Miami
12063,"Jackson County, Florida",Pensacola-Tallahassee,Pensacola-Tallahassee,Miami
12133,"Washington County, Florida",Pensacola-Tallahassee,Pensacola-Tallahassee,Miami
12077,"Liberty County, Florida",Pensacola-Tallahassee,Pensacola-Tallahassee,Miami
12045,"Gulf County, Florida",Pensacola-Tallahassee,Pensacola-Tallahassee,Miami
12113,"Santa Rosa County, Florida",Pensacola-Tallahassee,Pensacola-Tallahassee,Miami
12005,"Bay County, Florida",Pensacola-Tallahassee,Pensacola-Tallahassee,Miami
12059,"Holmes County, Florida",Pensacola-Tallahassee,Pensacola-Tallahassee,Miami
12079,"Madison County, Florida",Pensacola-Tallahassee,Pensacola-Tallahassee,Miami
12123,"Taylor County, Florida",Pensacola-Tallahassee,Pensacola-Tallahassee,Miami
12129,"Wakulla County, Florida",Pensacola-Tallahassee,Pensacola-Tallahassee,Miami
12033,"Escambia County, Florida",Pensacola-Tallahassee,Pensacola-Tallahassee,Miami
12131,"Walton County, Florida",Pensacola-Tallahassee,Pensacola-Tallahassee,Miami
12037,"Franklin County, Florida",Pensacola-Tallahassee,Pensacola-Tallahassee,Miami
12073,"Leon County, Florida",Pensacola-Tallahassee,Pensacola-Tallahassee,Miami
17169,"Schuyler County, Illinois",Peoria,Peoria,Chicago
17155,"Putnam County, Illinois",Peoria,Peoria,Chicago
17105,"Livingston County, Illinois",Peoria,Peoria,Chicago
17039,"De Witt County, Illinois",Peoria,Peoria,Chicago
17071,"Henderson County, Illinois",Peoria,Peoria,Chicago
17125,"Mason County, Illinois",Peoria,Peoria,Chicago
17067,"Hancock County, Illinois",Peoria,Peoria,Chicago
17073,"Henry County, Illinois",Peoria,Peoria,Chicago
17099,"LaSalle County, Illinois",Peoria,Peoria,Chicago
17183,"Vermilion County, Illinois",Peoria,Peoria,Chicago
17187,"Warren County, Illinois",Peoria,Peoria,Chicago
17113,"McLean County, Illinois",Peoria,Peoria,Chicago
17175,"Stark County, Illinois",Peoria,Peoria,Chicago
17179,"Tazewell County, Illinois",Peoria,Peoria,Chicago
17107,"Logan County, Illinois",Peoria,Peoria,Chicago
17109,"McDonough County, Illinois",Peoria,Peoria,Chicago
17123,"Marshall County, Illinois",Peoria,Peoria,Chicago
17143,"Peoria County, Illinois",Peoria,Peoria,Chicago
17131,"Mercer County, Illinois",Peoria,Peoria,Chicago
17161,"Rock Island County, Illinois",Peoria,Peoria,Chicago
17019,"Champaign County, Illinois",Peoria,Peoria,Chicago
17011,"Bureau County, Illinois",Peoria,Peoria,Chicago
17095,"Knox County, Illinois",Peoria,Peoria,Chicago
17203,"Woodford County, Illinois",Peoria,Peoria,Chicago
17147,"Piatt County, Illinois",Peoria,Peoria,Chicago
17057,"Fulton County, Illinois",Peoria,Peoria,Chicago
42017,"Bucks County, Pennsylvania",Philadelphia,Philadelphia,Philadelphia
42101,"Philadelphia County, Pennsylvania",Philadelphia,Philadelphia,Philadelphia
42045,"Delaware County, Pennsylvania",Philadelphia,Philadelphia,Philadelphia
42029,"Chester County, Pennsylvania",Philadelphia,Philadelphia,Philadelphia
42091,"Montgomery County, Pennsylvania",Philadelphia,Philadelphia,Philadelphia
04025,"Yavapai County, Arizona",Phoenix,Phoenix,Santa Fe
04015,"Mohave County, Arizona",Phoenix,Phoenix,Santa Fe
04005,"Coconino County, Arizona",Phoenix,"Gallup, Phoenix",Santa Fe
04013,"Maricopa County, Arizona",Phoenix,Phoenix,Santa Fe
42073,"Lawrence County, Pennsylvania",Pittsburgh,Pittsburgh,Philadelphia
42059,"Greene County, Pennsylvania",Pittsburgh,Pittsburgh,Philadelphia
42003,"Allegheny County, Pennsylvania",Pittsburgh,Pittsburgh,Philadelphia
42019,"Butler County, Pennsylvania",Pittsburgh,Pittsburgh,Philadelphia
42125,"Washington County, Pennsylvania",Pittsburgh,Pittsburgh,Philadelphia
42007,"Beaver County, Pennsylvania",Pittsburgh,Pittsburgh,Philadelphia
23027,"Waldo County, Maine",Portland in Maine,Portland in Maine,Boston
23019,"Penobscot County, Maine",Portland in Maine,Portland in Maine,Boston
23007,"Franklin County, Maine",Portland in Maine,Portland in Maine,Boston
23029,"Washington County, Maine",Portland in Maine,Portland in Maine,Boston
23017,"Oxford County, Maine",Portland in Maine,Portland in Maine,Boston
23011,"Kennebec County, Maine",Portland in Maine,Portland in Maine,Boston
23021,"Piscataquis County, Maine",Portland in Maine,Portland in Maine,Boston
23009,"Hancock County, Maine",Portland in Maine,Portland in Maine,Boston
23005,"Cumberland County, Maine",Portland in Maine,Portland in Maine,Boston
23013,"Knox County, Maine",Portland in Maine,Portland in Maine,Boston
23031,"York County, Maine",Portland in Maine,Portland in Maine,Boston
23001,"Androscoggin County, Maine",Portland in Maine,Portland in Maine,Boston
23015,"Lincoln County, Maine",Portland in Maine,Portland in Maine,Boston
23025,"Somerset County, Maine",Portland in Maine,Portland in Maine,Boston
23023,"Sagadahoc County, Maine",Portland in Maine,Portland in Maine,Boston
23003,"Aroostook County, Maine",Portland in Maine,Portland in Maine,Boston
41057,"Tillamook County, Oregon",Portland in Oregon,Portland in Oregon,Portland in Oregon
41015,"Curry County, Oregon",Portland in Oregon,Portland in Oregon,Portland in Oregon
41051,"Multnomah County, Oregon",Portland in Oregon,Portland in Oregon,Portland in Oregon
41029,"Jackson County, Oregon",Portland in Oregon,Portland in Oregon,Portland in Oregon
41067,"Washington County, Oregon",Portland in Oregon,Portland in Oregon,Portland in Oregon
41041,"Lincoln County, Oregon",Portland in Oregon,Portland in Oregon,Portland in Oregon
41043,"Linn County, Oregon",Portland in Oregon,Portland in Oregon,Portland in Oregon
41011,"Coos County, Oregon",Portland in Oregon,Portland in Oregon,Portland in Oregon
41019,"Douglas County, Oregon",Portland in Oregon,Portland in Oregon,Portland in Oregon
41005,"Clackamas County, Oregon",Portland in Oregon,Portland in Oregon,Portland in Oregon
41053,"Polk County, Oregon",Portland in Oregon,Portland in Oregon,Portland in Oregon
41007,"Clatsop County, Oregon",Portland in Oregon,Portland in Oregon,Portland in Oregon
41071,"Yamhill County, Oregon",Portland in Oregon,Portland in Oregon,Portland in Oregon
41009,"Columbia County, Oregon",Portland in Oregon,Portland in Oregon,Portland in Oregon
41047,"Marion County, Oregon",Portland in Oregon,Portland in Oregon,Portland in Oregon
41033,"Josephine County, Oregon",Portland in Oregon,Portland in Oregon,Portland in Oregon
41003,"Benton County, Oregon",Portland in Oregon,Portland in Oregon,Portland in Oregon
41039,"Lane County, Oregon",Portland in Oregon,Portland in Oregon,Portland in Oregon
44001,"Bristol County, Rhode Island",Providence,Providence,Hartford
44009,"Washington County, Rhode Island",Providence,Providence,Hartford
44007,"Providence County, Rhode Island",Providence,Providence,Hartford
44005,"Newport County, Rhode Island",Providence,Providence,Hartford
44003,"Kent County, Rhode Island",Providence,Providence,Hartford
08025,"Crowley County, Colorado",Pueblo,Pueblo,Denver
08009,"Baca County, Colorado",Pueblo,Pueblo,Denver
08023,"Costilla County, Colorado",Pueblo,Pueblo,Denver
08027,"Custer County, Colorado",Pueblo,Pueblo,Denver
08067,"La Plata County, Colorado",Pueblo,Pueblo,Denver
08113,"San Miguel County, Colorado",Pueblo,Pueblo,Denver
08043,"Fremont County, Colorado",Pueblo,Pueblo,Denver
08051,"Gunnison County, Colorado",Pueblo,Pueblo,Denver
08033,"Dolores County, Colorado",Pueblo,Pueblo,Denver
08085,"Montrose County, Colorado",Pueblo,Pueblo,Denver
08077,"Mesa County, Colorado",Pueblo,Pueblo,Denver
08007,"Archuleta County, Colorado",Pueblo,Pueblo,Denver
08021,"Conejos County, Colorado",Pueblo,Pueblo,Denver
08101,"Pueblo County, Colorado",Pueblo,Pueblo,Denver
08091,"Ouray County, Colorado",Pueblo,Pueblo,Denver
08011,"Bent County, Colorado",Pueblo,Pueblo,Denver
08053,"Hinsdale County, Colorado",Pueblo,Pueblo,Denver
08089,"Otero County, Colorado",Pueblo,Pueblo,Denver
08111,"San Juan County, Colorado",Pueblo,Pueblo,Denver
08029,"Delta County, Colorado",Pueblo,Pueblo,Denver
08055,"Huerfano County, Colorado",Pueblo,Pueblo,Denver
08003,"Alamosa County, Colorado",Pueblo,Pueblo,Denver
08099,"Prowers County, Colorado",Pueblo,Pueblo,Denver
08061,"Kiowa County, Colorado",Pueblo,Pueblo,Denver
08083,"Montezuma County, Colorado",Pueblo,Pueblo,Denver
08079,"Mineral County, Colorado",Pueblo,Pueblo,Denver
08105,"Rio Grande County, Colorado",Pueblo,Pueblo,Denver
08071,"Las Animas County, Colorado",Pueblo,Pueblo,Denver
08109,"Saguache County, Colorado",Pueblo,Pueblo,Denver
37093,"Hoke County, North Carolina",Raleigh,Raleigh,Atlanta
37051,"Cumberland County, North Carolina",Raleigh,Raleigh,Atlanta
37135,"Orange County, North Carolina",Raleigh,Raleigh,Atlanta
37155,"Robeson County, North Carolina",Raleigh,Raleigh,Atlanta
37061,"Duplin County, North Carolina",Raleigh,Raleigh,Atlanta
37141,"Pender County, North Carolina",Raleigh,Raleigh,Atlanta
37047,"Columbus County, North Carolina",Raleigh,Raleigh,Atlanta
37013,"Beaufort County, North Carolina",Raleigh,Raleigh,Atlanta
37131,"Northampton County, North Carolina",Raleigh,Raleigh,Atlanta
37105,"Lee County, North Carolina",Raleigh,Raleigh,Atlanta
37117,"Martin County, North Carolina",Raleigh,Raleigh,Atlanta
37095,"Hyde County, North Carolina",Raleigh,Raleigh,Atlanta
37033,"Caswell County, North Carolina",Raleigh,Raleigh,Atlanta
37077,"Granville County, North Carolina",Raleigh,Raleigh,Atlanta
37181,"Vance County, North Carolina",Raleigh,Raleigh,Atlanta
37165,"Scotland County, North Carolina",Raleigh,Raleigh,Atlanta
37103,"Jones County, North Carolina",Raleigh,Raleigh,Atlanta
37049,"Craven County, North Carolina",Raleigh,Raleigh,Atlanta
37195,"Wilson County, North Carolina",Raleigh,Raleigh,Atlanta
37063,"Durham County, North Carolina",Raleigh,Raleigh,Atlanta
37191,"Wayne County, North Carolina",Raleigh,Raleigh,Atlanta
37085,"Harnett County, North Carolina",Raleigh,Raleigh,Atlanta
37187,"Washington County, North Carolina",Raleigh,Raleigh,Atlanta
37163,"Sampson County, North Carolina",Raleigh,Raleigh,Atlanta
37019,"Brunswick County, North Carolina",Raleigh,Raleigh,Atlanta
37145,"Person County, North Carolina",Raleigh,Raleigh,Atlanta
37037,"Chatham County, North Carolina",Raleigh,Raleigh,Atlanta
37073,"Gates County, North Carolina",Raleigh,Raleigh,Atlanta
37101,"Johnston County, North Carolina",Raleigh,Raleigh,Atlanta
37139,"Pasquotank County, North Carolina",Raleigh,Raleigh,Atlanta
37183,"Wake County, North Carolina",Raleigh,Raleigh,Atlanta
37031,"Carteret County, North Carolina",Raleigh,Raleigh,Atlanta
37083,"Halifax County, North Carolina",Raleigh,Raleigh,Atlanta
37079,"Greene County, North Carolina",Raleigh,Raleigh,Atlanta
37185,"Warren County, North Carolina",Raleigh,Raleigh,Atlanta
37017,"Bladen County, North Carolina",Raleigh,Raleigh,Atlanta
37127,"Nash County, North Carolina",Raleigh,Raleigh,Atlanta
37129,"New Hanover County, North Carolina",Raleigh,Raleigh,Atlanta
37053,"Currituck County, North Carolina",Raleigh,Raleigh,Atlanta
37069,"Franklin County, North Carolina",Raleigh,Raleigh,Atlanta
37029,"Camden County, North Carolina",Raleigh,Raleigh,Atlanta
37137,"Pamlico County, North Carolina",Raleigh,Raleigh,Atlanta
37143,"Perquimans County, North Carolina",Raleigh,Raleigh,Atlanta
37015,"Bertie County, North Carolina",Raleigh,Raleigh,Atlanta
37133,"Onslow County, North Carolina",Raleigh,Raleigh,Atlanta
37091,"Hertford County, North Carolina",Raleigh,Raleigh,Atlanta
37177,"Tyrrell County, North Carolina",Raleigh,Raleigh,Atlanta
37001,"Alamance County, North Carolina",Raleigh,Raleigh,Atlanta
37065,"Edgecombe County, North Carolina",Raleigh,Raleigh,Atlanta
37055,"Dare County, North Carolina",Raleigh,Raleigh,Atlanta
37107,"Lenoir County, North Carolina",Raleigh,Raleigh,Atlanta
37041,"Chowan County, North Carolina",Raleigh,Raleigh,Atlanta
37147,"Pitt County, North Carolina",Raleigh,Raleigh,Atlanta
37125,"Moore County, North Carolina",Raleigh,Raleigh,Atlanta
46093,"Meade County, South Dakota",Rapid City,Rapid City,St. Paul and Minneapolis
46007,"Bennett County, South Dakota",Rapid City,Rapid City,St. Paul and Minneapolis
46075,"Jones County, South Dakota",Rapid City,Rapid City,St. Paul and Minneapolis
46033,"Custer County, South Dakota",Rapid City,Rapid City,St. Paul and Minneapolis
46137,"Ziebach County, South Dakota",Rapid City,Rapid City,St. Paul and Minneapolis
46081,"Lawrence County, South Dakota",Rapid City,Rapid City,St. Paul and Minneapolis
46019,"Butte County, South Dakota",Rapid City,Rapid City,St. Paul and Minneapolis
46095,"Mellette County, South Dakota",Rapid City,Rapid City,St. Paul and Minneapolis
46117,"Stanley County, South Dakota",Rapid City,Rapid City,St. Paul and Minneapolis
46103,"Pennington County, South Dakota",Rapid City,Rapid City,St. Paul and Minneapolis
46102,"Oglala Lakota County, South Dakota",Rapid City,Rapid City,St. Paul and Minneapolis
46053,"Gregory County, South Dakota",Rapid City,Rapid City,St. Paul and Minneapolis
46123,"Tripp County, South Dakota",Rapid City,Rapid City,St. Paul and Minneapolis
46071,"Jackson County, South Dakota",Rapid City,Rapid City,St. Paul and Minneapolis
46105,"Perkins County, South Dakota",Rapid City,Rapid City,St. Paul and Minneapolis
46121,"Todd County, South Dakota",Rapid City,Rapid City,St. Paul and Minneapolis
46085,"Lyman County, South Dakota",Rapid City,Rapid City,St. Paul and Minneapolis
46041,"Dewey County, South Dakota",Rapid City,Rapid City,St. Paul and Minneapolis
46047,"Fall River County, South Dakota",Rapid City,Rapid City,St. Paul and Minneapolis
46063,"Harding County, South Dakota",Rapid City,Rapid City,St. Paul and Minneapolis
46031,"Corson County, South Dakota",Rapid City,Rapid City,St. Paul and Minneapolis
46055,"Haakon County, South Dakota",Rapid City,Rapid City,St. Paul and Minneapolis
32005,"Douglas County, Nevada",Reno,Reno,Las Vegas
32015,"Lander County, Nevada",Reno,Reno,Las Vegas
32011,"Eureka County, Nevada",Reno,Reno,Las Vegas
32013,"Humboldt County, Nevada",Reno,Reno,Las Vegas
32029,"Storey County, Nevada",Reno,Reno,Las Vegas
32007,"Elko County, Nevada",Reno,Reno,Las Vegas
32510,"Carson City, Nevada",Reno,Reno,Las Vegas
32001,"Churchill County, Nevada",Reno,Reno,Las Vegas
32031,"Washoe County, Nevada",Reno,Reno,Las Vegas
32019,"Lyon County, Nevada",Reno,Reno,Las Vegas
32027,"Pershing County, Nevada",Reno,Reno,Las Vegas
32021,"Mineral County, Nevada",Reno,Reno,Las Vegas
51033,"Caroline County, Virginia",Richmond,Richmond,Baltimore
51077,"Grayson County, Virginia",Richmond,Richmond,Baltimore
51049,"Cumberland County, Virginia",Richmond,Richmond,Baltimore
51009,"Amherst County, Virginia",Richmond,Richmond,Baltimore
51145,"Powhatan County, Virginia",Richmond,Richmond,Baltimore
51163,"Rockbridge County, Virginia",Richmond,Richmond,Baltimore
51097,"King and Queen County, Virginia",Richmond,Richmond,Baltimore
51165,"Rockingham County, Virginia",Richmond,Richmond,Baltimore
51760,"Richmond city, Virginia",Richmond,Richmond,Baltimore
51091,"Highland County, Virginia",Richmond,Richmond,Baltimore
51067,"Franklin County, Virginia",Richmond,Richmond,Baltimore
51775,"Salem city, Virginia",Richmond,Richmond,Baltimore
51173,"Smyth County, Virginia",Richmond,Richmond,Baltimore
51820,"Waynesboro city, Virginia",Richmond,Richmond,Baltimore
51580,"Covington city, Virginia",Richmond,Richmond,Baltimore
51199,"York County, Virginia",Richmond,Richmond,Baltimore
51590,"Danville city, Virginia",Richmond,Richmond,Baltimore
51036,"Charles City County, Virginia",Richmond,Richmond,Baltimore
51017,"Bath County, Virginia",Richmond,Richmond,Baltimore
51109,"Louisa County, Virginia",Richmond,Richmond,Baltimore
51057,"Essex County, Virginia",Richmond,Richmond,Baltimore
51111,"Lunenburg County, Virginia",Richmond,Richmond,Baltimore
51191,"Washington County, Virginia",Richmond,Richmond,Baltimore
51115,"Mathews County, Virginia",Richmond,Richmond,Baltimore
51063,"Floyd County, Virginia",Richmond,Richmond,Baltimore
51810,"Virginia Beach city, Virginia",Richmond,Richmond,Baltimore
51073,"Gloucester County, Virginia",Richmond,Richmond,Baltimore
51143,"Pittsylvania County, Virginia",Richmond,Richmond,Baltimore
51530,"Buena Vista city, Virginia",Richmond,Richmond,Baltimore
51041,"Chesterfield County, Virginia",Richmond,Richmond,Baltimore
51195,"Wise County, Virginia",Richmond,Richmond,Baltimore
51007,"Amelia County, Virginia",Richmond,Richmond,Baltimore
51051,"Dickenson County, Virginia",Richmond,Richmond,Baltimore
51678,"Lexington city, Virginia",Richmond,Richmond,Baltimore
51197,"Wythe County, Virginia",Richmond,Richmond,Baltimore
51141,"Patrick County, Virginia",Richmond,Richmond,Baltimore
51025,"Brunswick County, Virginia",Richmond,Richmond,Baltimore
51117,"Mecklenburg County, Virginia",Richmond,Richmond,Baltimore
51790,"Staunton city, Virginia",Richmond,Richmond,Baltimore
51019,"Bedford County, Virginia",Richmond,Richmond,Baltimore
51125,"Nelson County, Virginia",Richmond,Richmond,Baltimore
51595,"Emporia city, Virginia",Richmond,Richmond,Baltimore
51003,"Albemarle County, Virginia",Richmond,Richmond,Baltimore
51001,"Accomack County, Virginia",Richmond,Richmond,Baltimore
51135,"Nottoway County, Virginia",Richmond,Richmond,Baltimore
51101,"King William County, Virginia",Richmond,Richmond,Baltimore
51690,"Martinsville city, Virginia",Richmond,Richmond,Baltimore
51620,"Franklin city, Virginia",Richmond,Richmond,Baltimore
51011,"Appomattox County, Virginia",Richmond,Richmond,Baltimore
51075,"Goochland County, Virginia",Richmond,Richmond,Baltimore
51660,"Harrisonburg city, Virginia",Richmond,Richmond,Baltimore
51131,"Northampton County, Virginia",Richmond,Richmond,Baltimore
51065,"Fluvanna County, Virginia",Richmond,Richmond,Baltimore
51540,"Charlottesville city, Virginia",Richmond,Richmond,Baltimore
51155,"Pulaski County, Virginia",Richmond,Richmond,Baltimore
51720,"Norton city, Virginia",Richmond,Richmond,Baltimore
51700,"Newport News city, Virginia",Richmond,Richmond,Baltimore
51710,"Norfolk city, Virginia",Richmond,Richmond,Baltimore
51800,"Suffolk city, Virginia",Richmond,Richmond,Baltimore
51181,"Surry County, Virginia",Richmond,Richmond,Baltimore
51053,"Dinwiddie County, Virginia",Richmond,Richmond,Baltimore
51029,"Buckingham County, Virginia",Richmond,Richmond,Baltimore
51650,"Hampton city, Virginia",Richmond,Richmond,Baltimore
51640,"Galax city, Virginia",Richmond,Richmond,Baltimore
51105,"Lee County, Virginia",Richmond,Richmond,Baltimore
51680,"Lynchburg city, Virginia",Richmond,Richmond,Baltimore
51045,"Craig County, Virginia",Richmond,Richmond,Baltimore
51550,"Chesapeake city, Virginia",Richmond,Richmond,Baltimore
51570,"Colonial Heights city, Virginia",Richmond,Richmond,Baltimore
51079,"Greene County, Virginia",Richmond,Richmond,Baltimore
51087,"Henrico County, Virginia",Richmond,Richmond,Baltimore
51035,"Carroll County, Virginia",Richmond,Richmond,Baltimore
51167,"Russell County, Virginia",Richmond,Richmond,Baltimore
51740,"Portsmouth city, Virginia",Richmond,Richmond,Baltimore
51119,"Middlesex County, Virginia",Richmond,Richmond,Baltimore
51031,"Campbell County, Virginia",Richmond,Richmond,Baltimore
51037,"Charlotte County, Virginia",Richmond,Richmond,Baltimore
51093,"Isle of Wight County, Virginia",Richmond,Richmond,Baltimore
51750,"Radford city, Virginia",Richmond,Richmond,Baltimore
51023,"Botetourt County, Virginia",Richmond,Richmond,Baltimore
51830,"Williamsburg city, Virginia",Richmond,Richmond,Baltimore
51161,"Roanoke County, Virginia",Richmond,Richmond,Baltimore
51081,"Greensville County, Virginia",Richmond,Richmond,Baltimore
51021,"Bland County, Virginia",Richmond,Richmond,Baltimore
51089,"Henry County, Virginia",Richmond,Richmond,Baltimore
51670,"Hopewell city, Virginia",Richmond,Richmond,Baltimore
51735,"Poquoson city, Virginia",Richmond,Richmond,Baltimore
51147,"Prince Edward County, Virginia",Richmond,Richmond,Baltimore
51085,"Hanover County, Virginia",Richmond,Richmond,Baltimore
51121,"Montgomery County, Virginia",Richmond,Richmond,Baltimore
51149,"Prince George County, Virginia",Richmond,Richmond,Baltimore
51071,"Giles County, Virginia",Richmond,Richmond,Baltimore
51005,"Alleghany County, Virginia",Richmond,Richmond,Baltimore
51770,"Roanoke city, Virginia",Richmond,Richmond,Baltimore
51175,"Southampton County, Virginia",Richmond,Richmond,Baltimore
51520,"Bristol city, Virginia",Richmond,Richmond,Baltimore
51027,"Buchanan County, Virginia",Richmond,Richmond,Baltimore
51015,"Augusta County, Virginia",Richmond,Richmond,Baltimore
51185,"Tazewell County, Virginia",Richmond,Richmond,Baltimore
51083,"Halifax County, Virginia",Richmond,Richmond,Baltimore
51169,"Scott County, Virginia",Richmond,Richmond,Baltimore
51095,"James City County, Virginia",Richmond,Richmond,Baltimore
51183,"Sussex County, Virginia",Richmond,Richmond,Baltimore
51127,"New Kent County, Virginia",Richmond,Richmond,Baltimore
51730,"Petersburg city, Virginia",Richmond,Richmond,Baltimore
36097,"Schuyler County, New York",Rochester,Rochester,New York
36055,"Monroe County, New York",Rochester,Rochester,New York
36011,"Cayuga County, New York",Rochester,Rochester,New York
36099,"Seneca County, New York",Rochester,Rochester,New York
36069,"Ontario County, New York",Rochester,Rochester,New York
36051,"Livingston County, New York",Rochester,Rochester,New York
36101,"Steuben County, New York",Rochester,Rochester,New York
36117,"Wayne County, New York",Rochester,Rochester,New York
36123,"Yates County, New York",Rochester,Rochester,New York
36109,"Tompkins County, New York",Rochester,Rochester,New York
36015,"Chemung County, New York",Rochester,Rochester,New York
36107,"Tioga County, New York",Rochester,Rochester,New York
17201,"Winnebago County, Illinois",Rockford,Rockford,Chicago
17015,"Carroll County, Illinois",Rockford,Rockford,Chicago
17085,"Jo Daviess County, Illinois",Rockford,Rockford,Chicago
17037,"DeKalb County, Illinois",Rockford,Rockford,Chicago
17141,"Ogle County, Illinois",Rockford,Rockford,Chicago
17089,"Kane County, Illinois",Rockford,Rockford,Chicago
17111,"McHenry County, Illinois",Rockford,Rockford,Chicago
17007,"Boone County, Illinois",Rockford,Rockford,Chicago
17177,"Stephenson County, Illinois",Rockford,Rockford,Chicago
17195,"Whiteside County, Illinois",Rockford,Rockford,Chicago
17103,"Lee County, Illinois",Rockford,Rockford,Chicago
36059,"Nassau County, New York",Rockville Centre,Rockville Centre,New York
36103,"Suffolk County, New York",Rockville Centre,"Hartford, New York",New York
06101,"Sutter County, California",Sacramento,Sacramento,San Francisco
06049,"Modoc County, California",Sacramento,Sacramento,San Francisco
06093,"Siskiyou County, California",Sacramento,Sacramento,San Francisco
06005,"Amador County, California",Sacramento,Sacramento,San Francisco
06067,"Sacramento County, California",Sacramento,Sacramento,San Francisco
06115,"Yuba County, California",Sacramento,Sacramento,San Francisco
06063,"Plumas County, California",Sacramento,Sacramento,San Francisco
06091,"Sierra County, California",Sacramento,Sacramento,San Francisco
06011,"Colusa County, California",Sacramento,Sacramento,San Francisco
06061,"Placer County, California",Sacramento,Sacramento,San Francisco
06113,"Yolo County, California",Sacramento,Sacramento,San Francisco
06103,"Tehama County, California",Sacramento,Sacramento,San Francisco
06089,"Shasta County, California",Sacramento,Sacramento,San Francisco
06035,"Lassen County, California",Sacramento,Sacramento,San Francisco
06057,"Nevada County, California",Sacramento,Sacramento,San Francisco
06021,"Glenn County, California",Sacramento,Sacramento,San Francisco
06017,"El Dorado County, California",Sacramento,Sacramento,San Francisco
06105,"Trinity County, California",Sacramento,Sacramento,San Francisco
06095,"Solano County, California",Sacramento,Sacramento,San Francisco
06007,"Butte County, California",Sacramento,Sacramento,San Francisco
26035,"Clare County, Michigan",Saginaw,Saginaw,Detroit
26111,"Midland County, Michigan",Saginaw,Saginaw,Detroit
26051,"Gladwin County, Michigan",Saginaw,Saginaw,Detroit
26063,"Huron County, Michigan",Saginaw,Saginaw,Detroit
26073,"Isabella County, Michigan",Saginaw,Saginaw,Detroit
26017,"Bay County, Michigan",Saginaw,Saginaw,Detroit
26057,"Gratiot County, Michigan",Saginaw,Saginaw,Detroit
26011,"Arenac County, Michigan",Saginaw,Saginaw,Detroit
26145,"Saginaw County, Michigan",Saginaw,Saginaw,Detroit
26151,"Sanilac County, Michigan",Saginaw,Saginaw,Detroit
26157,"Tuscola County, Michigan",Saginaw,Saginaw,Detroit
20051,"Ellis County, Kansas",Salina,Salina,Kansas City in Kansas
20199,"Wallace County, Kansas",Salina,Salina,Kansas City in Kansas
20167,"Russell County, Kansas",Salina,Salina,Kansas City in Kansas
20053,"Ellsworth County, Kansas",Salina,Salina,Kansas City in Kansas
20041,"Dickinson County, Kansas",Salina,Salina,Kansas City in Kansas
20065,"Graham County, Kansas",Salina,Salina,Kansas City in Kansas
20157,"Republic County, Kansas",Salina,Salina,Kansas City in Kansas
20193,"Thomas County, Kansas",Salina,Salina,Kansas City in Kansas
20039,"Decatur County, Kansas",Salina,Salina,Kansas City in Kansas
20163,"Rooks County, Kansas",Salina,Salina,Kansas City in Kansas
20153,"Rawlins County, Kansas",Salina,Salina,Kansas City in Kansas
20147,"Phillips County, Kansas",Salina,Salina,Kansas City in Kansas
20161,"Riley County, Kansas",Salina,Salina,Kansas City in Kansas
20181,"Sherman County, Kansas",Salina,Salina,Kansas City in Kansas
20169,"Saline County, Kansas",Salina,Salina,Kansas City in Kansas
20105,"Lincoln County, Kansas",Salina,Salina,Kansas City in Kansas
20201,"Washington County, Kansas",Salina,Salina,Kansas City in Kansas
20143,"Ottawa County, Kansas",Salina,Salina,Kansas City in Kansas
20195,"Trego County, Kansas",Salina,Salina,Kansas City in Kansas
20027,"Clay County, Kansas",Salina,Salina,Kansas City in Kansas
20141,"Osborne County, Kansas",Salina,Salina,Kansas City in Kansas
20023,"Cheyenne County, Kansas",Salina,Salina,Kansas City in Kansas
20109,"Logan County, Kansas",Salina,Salina,Kansas City in Kansas
20123,"Mitchell County, Kansas",Salina,Salina,Kansas City in Kansas
20183,"Smith County, Kansas",Salina,Salina,Kansas City in Kansas
20061,"Geary County, Kansas",Salina,Salina,Kansas City in Kansas
20137,"Norton County, Kansas",Salina,Salina,Kansas City in Kansas
20179,"Sheridan County, Kansas",Salina,Salina,Kansas City in Kansas
20063,"Gove County, Kansas",Salina,Salina,Kansas City in Kansas
20029,"Cloud County, Kansas",Salina,Salina,Kansas City in Kansas
20089,"Jewell County, Kansas",Salina,Salina,Kansas City in Kansas
49039,"Sanpete County, Utah",Salt Lake City,Salt Lake City,Las Vegas
49055,"Wayne County, Utah",Salt Lake City,Salt Lake City,Las Vegas
49043,"Summit County, Utah",Salt Lake City,Salt Lake City,Las Vegas
49003,"Box Elder County, Utah",Salt Lake City,Salt Lake City,Las Vegas
49011,"Davis County, Utah",Salt Lake City,Salt Lake City,Las Vegas
49013,"Duchesne County, Utah",Salt Lake City,Salt Lake City,Las Vegas
49023,"Juab County, Utah",Salt Lake City,Salt Lake City,Las Vegas
49009,"Daggett County, Utah",Salt Lake City,Salt Lake City,Las Vegas
49041,"Sevier County, Utah",Salt Lake City,Salt Lake City,Las Vegas
49021,"Iron County, Utah",Salt Lake City,Salt Lake City,Las Vegas
49053,"Washington County, Utah",Salt Lake City,Salt Lake City,Las Vegas
49007,"Carbon County, Utah",Salt Lake City,Salt Lake City,Las Vegas
49019,"Grand County, Utah",Salt Lake City,Salt Lake City,Las Vegas
49017,"Garfield County, Utah",Salt Lake City,Salt Lake City,Las Vegas
49045,"Tooele County, Utah",Salt Lake City,Salt Lake City,Las Vegas
49057,"Weber County, Utah",Salt Lake City,Salt Lake City,Las Vegas
49025,"Kane County, Utah",Salt Lake City,Salt Lake City,Las Vegas
49037,"San Juan County, Utah",Salt Lake City,Salt Lake City,Las Vegas
49035,"Salt Lake County, Utah",Salt Lake City,Salt Lake City,Las Vegas
49051,"Wasatch County, Utah",Salt Lake City,Salt Lake City,Las Vegas
49005,"Cache County, Utah",Salt Lake City,Salt Lake City,Las Vegas
49029,"Morgan County, Utah",Salt Lake City,Salt Lake City,Las Vegas
49031,"Piute County, Utah",Salt Lake City,Salt Lake City,Las Vegas
49047,"Uintah County, Utah",Salt Lake City,Salt Lake City,Las Vegas
49033,"Rich County, Utah",Salt Lake City,Salt Lake City,Las Vegas
49015,"Emery County, Utah",Salt Lake City,Salt Lake City,Las Vegas
49027,"Millard County, Utah",Salt Lake City,Salt Lake City,Las Vegas
49001,"Beaver County, Utah",Salt Lake City,Salt Lake City,Las Vegas
49049,"Utah County, Utah",Salt Lake City,Salt Lake City,Las Vegas
48329,"Midland County, Texas",San Angelo,San Angelo,San Antonio
48173,"Glasscock County, Texas",San Angelo,San Angelo,San Antonio
48081,"Coke County, Texas",San Angelo,San Angelo,San Antonio
48353,"Nolan County, Texas",San Angelo,San Angelo,San Antonio
48431,"Sterling County, Texas",San Angelo,San Angelo,San Antonio
48049,"Brown County, Texas",San Angelo,San Angelo,San Antonio
48383,"Reagan County, Texas",San Angelo,San Angelo,San Antonio
48441,"Taylor County, Texas",San Angelo,San Angelo,San Antonio
48413,"Schleicher County, Texas",San Angelo,San Angelo,San Antonio
48461,"Upton County, Texas",San Angelo,San Angelo,San Antonio
48443,"Terrell County, Texas",San Angelo,San Angelo,San Antonio
48135,"Ector County, Texas",San Angelo,San Angelo,San Antonio
48317,"Martin County, Texas",San Angelo,San Angelo,San Antonio
48399,"Runnels County, Texas",San Angelo,San Angelo,San Antonio
48227,"Howard County, Texas",San Angelo,San Angelo,San Antonio
48327,"Menard County, Texas",San Angelo,San Angelo,San Antonio
48435,"Sutton County, Texas",San Angelo,San Angelo,San Antonio
48059,"Callahan County, Texas",San Angelo,San Angelo,San Antonio
48095,"Concho County, Texas",San Angelo,San Angelo,San Antonio
48235,"Irion County, Texas",San Angelo,San Angelo,San Antonio
48103,"Crane County, Texas",San Angelo,San Angelo,San Antonio
48267,"Kimble County, Texas",San Angelo,San Angelo,San Antonio
48335,"Mitchell County, Texas",San Angelo,San Angelo,San Antonio
48083,"Coleman County, Texas",San Angelo,San Angelo,San Antonio
48451,"Tom Green County, Texas",San Angelo,San Angelo,San Antonio
48307,"McCulloch County, Texas",San Angelo,San Angelo,San Antonio
48003,"Andrews County, Texas",San Angelo,San Angelo,San Antonio
48105,"Crockett County, Texas",San Angelo,San Angelo,San Antonio
48371,"Pecos County, Texas",San Angelo,San Angelo,San Antonio
48163,"Frio County, Texas",San Antonio,San Antonio,San Antonio
48493,"Wilson County, Texas",San Antonio,San Antonio,San Antonio
48029,"Bexar County, Texas",San Antonio,San Antonio,San Antonio
48271,"Kinney County, Texas",San Antonio,San Antonio,San Antonio
48259,"Kendall County, Texas",San Antonio,San Antonio,San Antonio
48171,"Gillespie County, Texas",San Antonio,San Antonio,San Antonio
48091,"Comal County, Texas",San Antonio,San Antonio,San Antonio
48019,"Bandera County, Texas",San Antonio,San Antonio,San Antonio
48265,"Kerr County, Texas",San Antonio,San Antonio,San Antonio
48255,"Karnes County, Texas",San Antonio,San Antonio,San Antonio
48385,"Real County, Texas",San Antonio,San Antonio,San Antonio
48311,"McMullen County, Texas",San Antonio,"Corpus Christi, San Antonio",San Antonio
48187,"Guadalupe County, Texas",San Antonio,San Antonio,San Antonio
48465,"Val Verde County, Texas",San Antonio,San Antonio,San Antonio
48013,"Atascosa County, Texas",San Antonio,San Antonio,San Antonio
48177,"Gonzales County, Texas",San Antonio,San Antonio,San Antonio
48463,"Uvalde County, Texas",San Antonio,San Antonio,San Antonio
48325,"Medina County, Texas",San Antonio,San Antonio,San Antonio
48137,"Edwards County, Texas",San Antonio,San Antonio,San Antonio
06071,"San Bernardino County, California",San Bernardino,San Bernardino,Los Angeles
06065,"Riverside County, California",San Bernardino,San Bernardino,Los Angeles
06073,"San Diego County, California",San Diego,San Diego,Los Angeles
06025,"Imperial County, California",San Diego,San Diego,Los Angeles
06041,"Marin County, California",San Francisco,San Francisco,San Francisco
06075,"San Francisco County, California",San Francisco,San Francisco,San Francisco
06081,"San Mateo County, California",San Francisco,San Francisco,San Francisco
06085,"Santa Clara County, California",San Jose,San Jose,San Francisco
35007,"Colfax County, New Mexico",Santa Fe,Santa Fe,Santa Fe
35001,"Bernalillo County, New Mexico",Santa Fe,"Gallup, Santa Fe",Santa Fe
35019,"Guadalupe County, New Mexico",Santa Fe,Santa Fe,Santa Fe
35011,"De Baca County, New Mexico",Santa Fe,Santa Fe,Santa Fe
35041,"Roosevelt County, New Mexico",Santa Fe,Santa Fe,Santa Fe
35053,"Socorro County, New Mexico",Santa Fe,Santa Fe,Santa Fe
35057,"Torrance County, New Mexico",Santa Fe,Santa Fe,Santa Fe
35021,"Harding County, New Mexico",Santa Fe,Santa Fe,Santa Fe
35009,"Curry County, New Mexico",Santa Fe,Santa Fe,Santa Fe
35043,"Sandoval County, New Mexico",Santa Fe,"Gallup, Santa Fe",Santa Fe
35047,"San Miguel County, New Mexico",Santa Fe,Santa Fe,Santa Fe
35033,"Mora County, New Mexico",Santa Fe,Santa Fe,Santa Fe
35059,"Union County, New Mexico",Santa Fe,Santa Fe,Santa Fe
35061,"Valencia County, New Mexico",Santa Fe,"Gallup, Santa Fe",Santa Fe
35049,"Santa Fe County, New Mexico",Santa Fe,Santa Fe,Santa Fe
35028,"Los Alamos County, New Mexico",Santa Fe,Santa Fe,Santa Fe
35055,"Taos County, New Mexico",Santa Fe,Santa Fe,Santa Fe
35037,"Quay County, New Mexico",Santa Fe,Santa Fe,Santa Fe
35039,"Rio Arriba County, New Mexico",Santa Fe,"Gallup, Santa Fe",Santa Fe
06055,"Napa County, California",Santa Rosa,Santa Rosa,San Francisco
06023,"Humboldt County, California",Santa Rosa,Santa Rosa,San Francisco
06097,"Sonoma County, California",Santa Rosa,Santa Rosa,San Francisco
06045,"Mendocino County, California",Santa Rosa,Santa Rosa,San Francisco
06033,"Lake County, California",Santa Rosa,Santa Rosa,San Francisco
06015,"Del Norte County, California",Santa Rosa,Santa Rosa,San Francisco
13243,"Randolph County, Georgia",Savannah,Savannah,Atlanta
13043,"Candler County, Georgia",Savannah,Savannah,Atlanta
13003,"Atkinson County, Georgia",Savannah,Savannah,Atlanta
13079,"Crawford County, Georgia",Savannah,Savannah,Atlanta
13087,"Decatur County, Georgia",Savannah,Savannah,Atlanta
13161,"Jeff Davis County, Georgia",Savannah,Savannah,Atlanta
13165,"Jenkins County, Georgia",Savannah,Savannah,Atlanta
13309,"Wheeler County, Georgia",Savannah,Savannah,Atlanta
13315,"Wilcox County, Georgia",Savannah,Savannah,Atlanta
13183,"Long County, Georgia",Savannah,Savannah,Atlanta
13031,"Bulloch County, Georgia",Savannah,Savannah,Atlanta
13069,"Coffee County, Georgia",Savannah,Savannah,Atlanta
13249,"Schley County, Georgia",Savannah,Savannah,Atlanta
13269,"Taylor County, Georgia",Savannah,Savannah,Atlanta
13209,"Montgomery County, Georgia",Savannah,Savannah,Atlanta
13245,"Richmond County, Georgia",Savannah,Savannah,Atlanta
13215,"Muscogee County, Georgia",Savannah,Savannah,Atlanta
13023,"Bleckley County, Georgia",Savannah,Savannah,Atlanta
13299,"Ware County, Georgia",Savannah,Savannah,Atlanta
13205,"Mitchell County, Georgia",Savannah,Savannah,Atlanta
13101,"Echols County, Georgia",Savannah,Savannah,Atlanta
13275,"Thomas County, Georgia",Savannah,Savannah,Atlanta
13263,"Talbot County, Georgia",Savannah,Savannah,Atlanta
13061,"Clay County, Georgia",Savannah,Savannah,Atlanta
13125,"Glascock County, Georgia",Savannah,Savannah,Atlanta
13303,"Washington County, Georgia",Savannah,Savannah,Atlanta
13305,"Wayne County, Georgia",Savannah,Savannah,Atlanta
13001,"Appling County, Georgia",Savannah,Savannah,Atlanta
13127,"Glynn County, Georgia",Savannah,Savannah,Atlanta
13021,"Bibb County, Georgia",Savannah,Savannah,Atlanta
13239,"Quitman County, Georgia",Savannah,Savannah,Atlanta
13019,"Berrien County, Georgia",Savannah,Savannah,Atlanta
13321,"Worth County, Georgia",Savannah,Savannah,Atlanta
13197,"Marion County, Georgia",Savannah,Savannah,Atlanta
13259,"Stewart County, Georgia",Savannah,Savannah,Atlanta
13053,"Chattahoochee County, Georgia",Savannah,Savannah,Atlanta
13155,"Irwin County, Georgia",Savannah,Savannah,Atlanta
13287,"Turner County, Georgia",Savannah,Savannah,Atlanta
13071,"Colquitt County, Georgia",Savannah,Savannah,Atlanta
13027,"Brooks County, Georgia",Savannah,Savannah,Atlanta
13025,"Brantley County, Georgia",Savannah,Savannah,Atlanta
13049,"Charlton County, Georgia",Savannah,Savannah,Atlanta
13267,"Tattnall County, Georgia",Savannah,Savannah,Atlanta
13167,"Johnson County, Georgia",Savannah,Savannah,Atlanta
13039,"Camden County, Georgia",Savannah,Savannah,Atlanta
13005,"Bacon County, Georgia",Savannah,Savannah,Atlanta
13279,"Toombs County, Georgia",Savannah,Savannah,Atlanta
13107,"Emanuel County, Georgia",Savannah,Savannah,Atlanta
13261,"Sumter County, Georgia",Savannah,Savannah,Atlanta
13225,"Peach County, Georgia",Savannah,Savannah,Atlanta
13193,"Macon County, Georgia",Savannah,Savannah,Atlanta
13277,"Tift County, Georgia",Savannah,Savannah,Atlanta
13175,"Laurens County, Georgia",Savannah,Savannah,Atlanta
13201,"Miller County, Georgia",Savannah,Savannah,Atlanta
13095,"Dougherty County, Georgia",Savannah,Savannah,Atlanta
13271,"Telfair County, Georgia",Savannah,Savannah,Atlanta
13103,"Effingham County, Georgia",Savannah,Savannah,Atlanta
13173,"Lanier County, Georgia",Savannah,Savannah,Atlanta
13017,"Ben Hill County, Georgia",Savannah,Savannah,Atlanta
13163,"Jefferson County, Georgia",Savannah,Savannah,Atlanta
13131,"Grady County, Georgia",Savannah,Savannah,Atlanta
13283,"Treutlen County, Georgia",Savannah,Savannah,Atlanta
13099,"Early County, Georgia",Savannah,Savannah,Atlanta
13191,"McIntosh County, Georgia",Savannah,Savannah,Atlanta
13179,"Liberty County, Georgia",Savannah,Savannah,Atlanta
13273,"Terrell County, Georgia",Savannah,Savannah,Atlanta
13229,"Pierce County, Georgia",Savannah,Savannah,Atlanta
13037,"Calhoun County, Georgia",Savannah,Savannah,Atlanta
13075,"Cook County, Georgia",Savannah,Savannah,Atlanta
13169,"Jones County, Georgia",Savannah,Savannah,Atlanta
13081,"Crisp County, Georgia",Savannah,Savannah,Atlanta
13029,"Bryan County, Georgia",Savannah,Savannah,Atlanta
13289,"Twiggs County, Georgia",Savannah,Savannah,Atlanta
13235,"Pulaski County, Georgia",Savannah,Savannah,Atlanta
13093,"Dooly County, Georgia",Savannah,Savannah,Atlanta
13253,"Seminole County, Georgia",Savannah,Savannah,Atlanta
13033,"Burke County, Georgia",Savannah,Savannah,Atlanta
13007,"Baker County, Georgia",Savannah,Savannah,Atlanta
13109,"Evans County, Georgia",Savannah,Savannah,Atlanta
13065,"Clinch County, Georgia",Savannah,Savannah,Atlanta
13051,"Chatham County, Georgia",Savannah,Savannah,Atlanta
13091,"Dodge County, Georgia",Savannah,Savannah,Atlanta
13307,"Webster County, Georgia",Savannah,Savannah,Atlanta
13073,"Columbia County, Georgia",Savannah,Savannah,Atlanta
13153,"Houston County, Georgia",Savannah,Savannah,Atlanta
13251,"Screven County, Georgia",Savannah,Savannah,Atlanta
13185,"Lowndes County, Georgia",Savannah,Savannah,Atlanta
13145,"Harris County, Georgia",Savannah,Savannah,Atlanta
13177,"Lee County, Georgia",Savannah,Savannah,Atlanta
13319,"Wilkinson County, Georgia",Savannah,Savannah,Atlanta
42113,"Sullivan County, Pennsylvania",Scranton,Scranton,Philadelphia
42015,"Bradford County, Pennsylvania",Scranton,Scranton,Philadelphia
42089,"Monroe County, Pennsylvania",Scranton,Scranton,Philadelphia
42103,"Pike County, Pennsylvania",Scranton,Scranton,Philadelphia
42117,"Tioga County, Pennsylvania",Scranton,Scranton,Philadelphia
42081,"Lycoming County, Pennsylvania",Scranton,Scranton,Philadelphia
42115,"Susquehanna County, Pennsylvania",Scranton,Scranton,Philadelphia
42079,"Luzerne County, Pennsylvania",Scranton,Scranton,Philadelphia
42131,"Wyoming County, Pennsylvania",Scranton,Scranton,Philadelphia
42127,"Wayne County, Pennsylvania",Scranton,Scranton,Philadelphia
42069,"Lackawanna County, Pennsylvania",Scranton,Scranton,Philadelphia
53069,"Wahkiakum County, Washington",Seattle,Seattle,Seattle
53055,"San Juan County, Washington",Seattle,Seattle,Seattle
53033,"King County, Washington",Seattle,Seattle,Seattle
53011,"Clark County, Washington",Seattle,Seattle,Seattle
53073,"Whatcom County, Washington",Seattle,Seattle,Seattle
53027,"Grays Harbor County, Washington",Seattle,Seattle,Seattle
53053,"Pierce County, Washington",Seattle,Seattle,Seattle
53035,"Kitsap County, Washington",Seattle,Seattle,Seattle
53057,"Skagit County, Washington",Seattle,Seattle,Seattle
53031,"Jefferson County, Washington",Seattle,Seattle,Seattle
53029,"Island County, Washington",Seattle,Seattle,Seattle
53059,"Skamania County, Washington",Seattle,Seattle,Seattle
53061,"Snohomish County, Washington",Seattle,Seattle,Seattle
53015,"Cowlitz County, Washington",Seattle,Seattle,Seattle
53067,"Thurston County, Washington",Seattle,Seattle,Seattle
53041,"Lewis County, Washington",Seattle,Seattle,Seattle
53009,"Clallam County, Washington",Seattle,Seattle,Seattle
53049,"Pacific County, Washington",Seattle,Seattle,Seattle
53045,"Mason County, Washington",Seattle,Seattle,Seattle
22123,"West Carroll Parish, Louisiana",Shreveport,Shreveport,New Orleans
22017,"Caddo Parish, Louisiana",Shreveport,Shreveport,New Orleans
22085,"Sabine Parish, Louisiana",Shreveport,Shreveport,New Orleans
22015,"Bossier Parish, Louisiana",Shreveport,Shreveport,New Orleans
22083,"Richland Parish, Louisiana",Shreveport,Shreveport,New Orleans
22049,"Jackson Parish, Louisiana",Shreveport,Shreveport,New Orleans
22035,"East Carroll Parish, Louisiana",Shreveport,Shreveport,New Orleans
22081,"Red River Parish, Louisiana",Shreveport,Shreveport,New Orleans
22111,"Union Parish, Louisiana",Shreveport,Shreveport,New Orleans
22027,"Claiborne Parish, Louisiana",Shreveport,Shreveport,New Orleans
22073,"Ouachita Parish, Louisiana",Shreveport,Shreveport,New Orleans
22067,"Morehouse Parish, Louisiana",Shreveport,Shreveport,New Orleans
22119,"Webster Parish, Louisiana",Shreveport,Shreveport,New Orleans
22031,"De Soto Parish, Louisiana",Shreveport,Shreveport,New Orleans
22013,"Bienville Parish, Louisiana",Shreveport,Shreveport,New Orleans
22061,"Lincoln Parish, Louisiana",Shreveport,Shreveport,New Orleans
19025,"Calhoun County, Iowa",Sioux City,Sioux City,Dubuque
19133,"Monona County, Iowa",Sioux City,Sioux City,Dubuque
19063,"Emmet County, Iowa",Sioux City,Sioux City,Dubuque
19147,"Palo Alto County, Iowa",Sioux City,Sioux City,Dubuque
19041,"Clay County, Iowa",Sioux City,Sioux City,Dubuque
19167,"Sioux County, Iowa",Sioux City,Sioux City,Dubuque
19187,"Webster County, Iowa",Sioux City,Sioux City,Dubuque
19149,"Plymouth County, Iowa",Sioux City,Sioux City,Dubuque
19093,"Ida County, Iowa",Sioux City,Sioux City,Dubuque
19119,"Lyon County, Iowa",Sioux City,Sioux City,Dubuque
19193,"Woodbury County, Iowa",Sioux City,Sioux City,Dubuque
19027,"Carroll County, Iowa",Sioux City,Sioux City,Dubuque
19109,"Kossuth County, Iowa",Sioux City,Sioux City,Dubuque
19151,"Pocahontas County, Iowa",Sioux City,Sioux City,Dubuque
19021,"Buena Vista County, Iowa",Sioux City,Sioux City,Dubuque
19073,"Greene County, Iowa",Sioux City,Sioux City,Dubuque
19091,"Humboldt County, Iowa",Sioux City,Sioux City,Dubuque
19059,"Dickinson County, Iowa",Sioux City,Sioux City,Dubuque
19035,"Cherokee County, Iowa",Sioux City,Sioux City,Dubuque
19015,"Boone County, Iowa",Sioux City,Sioux City,Dubuque
19143,"Osceola County, Iowa",Sioux City,Sioux City,Dubuque
19141,"O'Brien County, Iowa",Sioux City,Sioux City,Dubuque
19047,"Crawford County, Iowa",Sioux City,Sioux City,Dubuque
19161,"Sac County, Iowa",Sioux City,Sioux City,Dubuque
46049,"Faulk County, South Dakota",Sioux Falls,Sioux Falls,St. Paul and Minneapolis
46009,"Bon Homme County, South Dakota",Sioux Falls,Sioux Falls,St. Paul and Minneapolis
46027,"Clay County, South Dakota",Sioux Falls,Sioux Falls,St. Paul and Minneapolis
46017,"Buffalo County, South Dakota",Sioux Falls,Sioux Falls,St. Paul and Minneapolis
46087,"McCook County, South Dakota",Sioux Falls,Sioux Falls,St. Paul and Minneapolis
46101,"Moody County, South Dakota",Sioux Falls,Sioux Falls,St. Paul and Minneapolis
46111,"Sanborn County, South Dakota",Sioux Falls,Sioux Falls,St. Paul and Minneapolis
46083,"Lincoln County, South Dakota",Sioux Falls,Sioux Falls,St. Paul and Minneapolis
46067,"Hutchinson County, South Dakota",Sioux Falls,Sioux Falls,St. Paul and Minneapolis
46079,"Lake County, South Dakota",Sioux Falls,Sioux Falls,St. Paul and Minneapolis
46057,"Hamlin County, South Dakota",Sioux Falls,Sioux Falls,St. Paul and Minneapolis
46025,"Clark County, South Dakota",Sioux Falls,Sioux Falls,St. Paul and Minneapolis
46127,"Union County, South Dakota",Sioux Falls,Sioux Falls,St. Paul and Minneapolis
46023,"Charles Mix County, South Dakota",Sioux Falls,Sioux Falls,St. Paul and Minneapolis
46061,"Hanson County, South Dakota",Sioux Falls,Sioux Falls,St. Paul and Minneapolis
46035,"Davison County, South Dakota",Sioux Falls,Sioux Falls,St. Paul and Minneapolis
46091,"Marshall County, South Dakota",Sioux Falls,Sioux Falls,St. Paul and Minneapolis
46013,"Brown County, South Dakota",Sioux Falls,Sioux Falls,St. Paul and Minneapolis
46107,"Potter County, South Dakota",Sioux Falls,Sioux Falls,St. Paul and Minneapolis
46029,"Codington County, South Dakota",Sioux Falls,Sioux Falls,St. Paul and Minneapolis
46119,"Sully County, South Dakota",Sioux Falls,Sioux Falls,St. Paul and Minneapolis
46051,"Grant County, South Dakota",Sioux Falls,Sioux Falls,St. Paul and Minneapolis
46045,"Edmunds County, South Dakota",Sioux Falls,Sioux Falls,St. Paul and Minneapolis
46059,"Hand County, South Dakota",Sioux Falls,Sioux Falls,St. Paul and Minneapolis
46125,"Turner County, South Dakota",Sioux Falls,Sioux Falls,St. Paul and Minneapolis
46021,"Campbell County, South Dakota",Sioux Falls,Sioux Falls,St. Paul and Minneapolis
46089,"McPherson County, South Dakota",Sioux Falls,Sioux Falls,St. Paul and Minneapolis
46015,"Brule County, South Dakota",Sioux Falls,Sioux Falls,St. Paul and Minneapolis
46115,"Spink County, South Dakota",Sioux Falls,Sioux Falls,St. Paul and Minneapolis
46005,"Beadle County, South Dakota",Sioux Falls,Sioux Falls,St. Paul and Minneapolis
46099,"Minnehaha County, South Dakota",Sioux Falls,Sioux Falls,St. Paul and Minneapolis
46069,"Hyde County, South Dakota",Sioux Falls,Sioux Falls,St. Paul and Minneapolis
46135,"Yankton County, South Dakota",Sioux Falls,Sioux Falls,St. Paul and Minneapolis
46011,"Brookings County, South Dakota",Sioux Falls,Sioux Falls,St. Paul and Minneapolis
46003,"Aurora County, South Dakota",Sioux Falls,Sioux Falls,St. Paul and Minneapolis
46077,"Kingsbury County, South Dakota",Sioux Falls,Sioux Falls,St. Paul and Minneapolis
46073,"Jerauld County, South Dakota",Sioux Falls,Sioux Falls,St. Paul and Minneapolis
46065,"Hughes County, South Dakota",Sioux Falls,Sioux Falls,St. Paul and Minneapolis
46109,"Roberts County, South Dakota",Sioux Falls,Sioux Falls,St. Paul and Minneapolis
46039,"Deuel County, South Dakota",Sioux Falls,Sioux Falls,St. Paul and Minneapolis
46043,"Douglas County, South Dakota",Sioux Falls,Sioux Falls,St. Paul and Minneapolis
46037,"Day County, South Dakota",Sioux Falls,Sioux Falls,St. Paul and Minneapolis
46129,"Walworth County, South Dakota",Sioux Falls,Sioux Falls,St. Paul and Minneapolis
46097,"Miner County, South Dakota",Sioux Falls,Sioux Falls,St. Paul and Minneapolis
53013,"Columbia County, Washington",Spokane,Spokane,Seattle
53065,"Stevens County, Washington",Spokane,Spokane,Seattle
53019,"Ferry County, Washington",Spokane,Spokane,Seattle
53043,"Lincoln County, Washington",Spokane,Spokane,Seattle
53051,"Pend Oreille County, Washington",Spokane,Spokane,Seattle
53003,"Asotin County, Washington",Spokane,Spokane,Seattle
53075,"Whitman County, Washington",Spokane,Spokane,Seattle
53021,"Franklin County, Washington",Spokane,Spokane,Seattle
53063,"Spokane County, Washington",Spokane,Spokane,Seattle
53047,"Okanogan County, Washington",Spokane,Spokane,Seattle
53001,"Adams County, Washington",Spokane,Spokane,Seattle
53071,"Walla Walla County, Washington",Spokane,Spokane,Seattle
53023,"Garfield County, Washington",Spokane,Spokane,Seattle
17173,"Shelby County, Illinois",Springfield in Illinois,Springfield in Illinois,Chicago
17013,"Calhoun County, Illinois",Springfield in Illinois,Springfield in Illinois,Chicago
17041,"Douglas County, Illinois",Springfield in Illinois,Springfield in Illinois,Chicago
17051,"Fayette County, Illinois",Springfield in Illinois,Springfield in Illinois,Chicago
17171,"Scott County, Illinois",Springfield in Illinois,Springfield in Illinois,Chicago
17001,"Adams County, Illinois",Springfield in Illinois,Springfield in Illinois,Chicago
17129,"Menard County, Illinois",Springfield in Illinois,Springfield in Illinois,Chicago
17005,"Bond County, Illinois",Springfield in Illinois,Springfield in Illinois,Chicago
17029,"Coles County, Illinois",Springfield in Illinois,Springfield in Illinois,Chicago
17119,"Madison County, Illinois",Springfield in Illinois,Springfield in Illinois,Chicago
17009,"Brown County, Illinois",Springfield in Illinois,Springfield in Illinois,Chicago
17117,"Macoupin County, Illinois",Springfield in Illinois,Springfield in Illinois,Chicago
17079,"Jasper County, Illinois",Springfield in Illinois,Springfield in Illinois,Chicago
17021,"Christian County, Illinois",Springfield in Illinois,Springfield in Illinois,Chicago
17115,"Macon County, Illinois",Springfield in Illinois,Springfield in Illinois,Chicago
17135,"Montgomery County, Illinois",Springfield in Illinois,Springfield in Illinois,Chicago
17149,"Pike County, Illinois",Springfield in Illinois,Springfield in Illinois,Chicago
17139,"Moultrie County, Illinois",Springfield in Illinois,Springfield in Illinois,Chicago
17083,"Jersey County, Illinois",Springfield in Illinois,Springfield in Illinois,Chicago
17045,"Edgar County, Illinois",Springfield in Illinois,Springfield in Illinois,Chicago
17023,"Clark County, Illinois",Springfield in Illinois,Springfield in Illinois,Chicago
17017,"Cass County, Illinois",Springfield in Illinois,Springfield in Illinois,Chicago
17033,"Crawford County, Illinois",Springfield in Illinois,Springfield in Illinois,Chicago
17035,"Cumberland County, Illinois",Springfield in Illinois,Springfield in Illinois,Chicago
17137,"Morgan County, Illinois",Springfield in Illinois,Springfield in Illinois,Chicago
17167,"Sangamon County, Illinois",Springfield in Illinois,Springfield in Illinois,Chicago
17061,"Greene County, Illinois",Springfield in Illinois,Springfield in Illinois,Chicago
17049,"Effingham County, Illinois",Springfield in Illinois,Springfield in Illinois,Chicago
25015,"Hampshire County, Massachusetts",Springfield in Massachusetts,Springfield in Massachusetts,Boston
25003,"Berkshire County, Massachusetts",Springfield in Massachusetts,Springfield in Massachusetts,Boston
25013,"Hampden County, Massachusetts",Springfield in Massachusetts,Springfield in Massachusetts,Boston
25011,"Franklin County, Massachusetts",Springfield in Massachusetts,Springfield in Massachusetts,Boston
29223,"Wayne County, Missouri",Springfield-Cape Girardeau,Springfield-Cape Girardeau,St. Louis
29203,"Shannon County, Missouri",Springfield-Cape Girardeau,Springfield-Cape Girardeau,St. Louis
29077,"Greene County, Missouri",Springfield-Cape Girardeau,Springfield-Cape Girardeau,St. Louis
29213,"Taney County, Missouri",Springfield-Cape Girardeau,Springfield-Cape Girardeau,St. Louis
29059,"Dallas County, Missouri",Springfield-Cape Girardeau,Springfield-Cape Girardeau,St. Louis
29109,"Lawrence County, Missouri",Springfield-Cape Girardeau,Springfield-Cape Girardeau,St. Louis
29067,"Douglas County, Missouri",Springfield-Cape Girardeau,Springfield-Cape Girardeau,St. Louis
29031,"Cape Girardeau County, Missouri",Springfield-Cape Girardeau,Springfield-Cape Girardeau,St. Louis
29133,"Mississippi County, Missouri",Springfield-Cape Girardeau,Springfield-Cape Girardeau,St. Louis
29039,"Cedar County, Missouri",Springfield-Cape Girardeau,Springfield-Cape Girardeau,St. Louis
29017,"Bollinger County, Missouri",Springfield-Cape Girardeau,Springfield-Cape Girardeau,St. Louis
29105,"Laclede County, Missouri",Springfield-Cape Girardeau,Springfield-Cape Girardeau,St. Louis
29209,"Stone County, Missouri",Springfield-Cape Girardeau,Springfield-Cape Girardeau,St. Louis
29215,"Texas County, Missouri",Springfield-Cape Girardeau,Springfield-Cape Girardeau,St. Louis
29057,"Dade County, Missouri",Springfield-Cape Girardeau,Springfield-Cape Girardeau,St. Louis
29155,"Pemiscot County, Missouri",Springfield-Cape Girardeau,Springfield-Cape Girardeau,St. Louis
29119,"McDonald County, Missouri",Springfield-Cape Girardeau,Springfield-Cape Girardeau,St. Louis
29167,"Polk County, Missouri",Springfield-Cape Girardeau,Springfield-Cape Girardeau,St. Louis
29043,"Christian County, Missouri",Springfield-Cape Girardeau,Springfield-Cape Girardeau,St. Louis
29143,"New Madrid County, Missouri",Springfield-Cape Girardeau,Springfield-Cape Girardeau,St. Louis
29091,"Howell County, Missouri",Springfield-Cape Girardeau,Springfield-Cape Girardeau,St. Louis
29201,"Scott County, Missouri",Springfield-Cape Girardeau,Springfield-Cape Girardeau,St. Louis
29153,"Ozark County, Missouri",Springfield-Cape Girardeau,Springfield-Cape Girardeau,St. Louis
29145,"Newton County, Missouri",Springfield-Cape Girardeau,Springfield-Cape Girardeau,St. Louis
29009,"Barry County, Missouri",Springfield-Cape Girardeau,Springfield-Cape Girardeau,St. Louis
29035,"Carter County, Missouri",Springfield-Cape Girardeau,Springfield-Cape Girardeau,St. Louis
29123,"Madison County, Missouri",Springfield-Cape Girardeau,Springfield-Cape Girardeau,St. Louis
29093,"Iron County, Missouri",Springfield-Cape Girardeau,Springfield-Cape Girardeau,St. Louis
29065,"Dent County, Missouri",Springfield-Cape Girardeau,Springfield-Cape Girardeau,St. Louis
29011,"Barton County, Missouri",Springfield-Cape Girardeau,Springfield-Cape Girardeau,St. Louis
29179,"Reynolds County, Missouri",Springfield-Cape Girardeau,Springfield-Cape Girardeau,St. Louis
29149,"Oregon County, Missouri",Springfield-Cape Girardeau,Springfield-Cape Girardeau,St. Louis
29225,"Webster County, Missouri",Springfield-Cape Girardeau,Springfield-Cape Girardeau,St. Louis
29229,"Wright County, Missouri",Springfield-Cape Girardeau,Springfield-Cape Girardeau,St. Louis
29069,"Dunklin County, Missouri",Springfield-Cape Girardeau,Springfield-Cape Girardeau,St. Louis
29207,"Stoddard County, Missouri",Springfield-Cape Girardeau,Springfield-Cape Girardeau,St. Louis
29181,"Ripley County, Missouri",Springfield-Cape Girardeau,Springfield-Cape Girardeau,St. Louis
29097,"Jasper County, Missouri",Springfield-Cape Girardeau,Springfield-Cape Girardeau,St. Louis
29023,"Butler County, Missouri",Springfield-Cape Girardeau,Springfield-Cape Girardeau,St. Louis
12035,"Flagler County, Florida",St. Augustine,St. Augustine,Miami
12109,"St. Johns County, Florida",St. Augustine,St. Augustine,Miami
12041,"Gilchrist County, Florida",St. Augustine,St. Augustine,Miami
12089,"Nassau County, Florida",St. Augustine,St. Augustine,Miami
12023,"Columbia County, Florida",St. Augustine,St. Augustine,Miami
12107,"Putnam County, Florida",St. Augustine,St. Augustine,Miami
12001,"Alachua County, Florida",St. Augustine,St. Augustine,Miami
12007,"Bradford County, Florida",St. Augustine,St. Augustine,Miami
12075,"Levy County, Florida",St. Augustine,St. Augustine,Miami
12047,"Hamilton County, Florida",St. Augustine,St. Augustine,Miami
12121,"Suwannee County, Florida",St. Augustine,St. Augustine,Miami
12125,"Union County, Florida",St. Augustine,St. Augustine,Miami
12003,"Baker County, Florida",St. Augustine,St. Augustine,Miami
12067,"Lafayette County, Florida",St. Augustine,St. Augustine,Miami
12031,"Duval County, Florida",St. Augustine,St. Augustine,Miami
12029,"Dixie County, Florida",St. Augustine,St. Augustine,Miami
12019,"Clay County, Florida",St. Augustine,St. Augustine,Miami
27065,"Kanabec County, Minnesota",St. Cloud,St. Cloud,St. Paul and Minneapolis
27059,"Isanti County, Minnesota",St. Cloud,St. Cloud,St. Paul and Minneapolis
27141,"Sherburne County, Minnesota",St. Cloud,St. Cloud,St. Paul and Minneapolis
27145,"Stearns County, Minnesota",St. Cloud,St. Cloud,St. Paul and Minneapolis
27121,"Pope County, Minnesota",St. Cloud,St. Cloud,St. Paul and Minneapolis
27153,"Todd County, Minnesota",St. Cloud,St. Cloud,St. Paul and Minneapolis
27097,"Morrison County, Minnesota",St. Cloud,St. Cloud,St. Paul and Minneapolis
27009,"Benton County, Minnesota",St. Cloud,St. Cloud,St. Paul and Minneapolis
27095,"Mille Lacs County, Minnesota",St. Cloud,St. Cloud,St. Paul and Minneapolis
27155,"Traverse County, Minnesota",St. Cloud,St. Cloud,St. Paul and Minneapolis
27041,"Douglas County, Minnesota",St. Cloud,St. Cloud,St. Paul and Minneapolis
27159,"Wadena County, Minnesota",St. Cloud,St. Cloud,St. Paul and Minneapolis
27111,"Otter Tail County, Minnesota",St. Cloud,St. Cloud,St. Paul and Minneapolis
27051,"Grant County, Minnesota",St. Cloud,St. Cloud,St. Paul and Minneapolis
27167,"Wilkin County, Minnesota",St. Cloud,St. Cloud,St. Paul and Minneapolis
27149,"Stevens County, Minnesota",St. Cloud,St. Cloud,St. Paul and Minneapolis
29183,"St. Charles County, Missouri",St. Louis,St. Louis,St. Louis
29113,"Lincoln County, Missouri",St. Louis,St. Louis,St. Louis
29071,"Franklin County, Missouri",St. Louis,St. Louis,St. Louis
29510,"St. Louis city, Missouri",St. Louis,St. Louis,St. Louis
29099,"Jefferson County, Missouri",St. Louis,St. Louis,St. Louis
29221,"Washington County, Missouri",St. Louis,St. Louis,St. Louis
29219,"Warren County, Missouri",St. Louis,St. Louis,St. Louis
29157,"Perry County, Missouri",St. Louis,St. Louis,St. Louis
29187,"St. Francois County, Missouri",St. Louis,St. Louis,St. Louis
29186,"Ste. Genevieve County, Missouri",St. Louis,St. Louis,St. Louis
29189,"St. Louis County, Missouri",St. Louis,St. Louis,St. Louis
27037,"Dakota County, Minnesota",St. Paul and Minneapolis,St. Paul and Minneapolis,St. Paul and Minneapolis
27049,"Goodhue County, Minnesota",St. Paul and Minneapolis,St. Paul and Minneapolis,St. Paul and Minneapolis
27025,"Chisago County, Minnesota",St. Paul and Minneapolis,St. Paul and Minneapolis,St. Paul and Minneapolis
27139,"Scott County, Minnesota",St. Paul and Minneapolis,St. Paul and Minneapolis,St. Paul and Minneapolis
27079,"Le Sueur County, Minnesota",St. Paul and Minneapolis,St. Paul and Minneapolis,St. Paul and Minneapolis
27053,"Hennepin County, Minnesota",St. Paul and Minneapolis,St. Paul and Minneapolis,St. Paul and Minneapolis
27019,"Carver County, Minnesota",St. Paul and Minneapolis,St. Paul and Minneapolis,St. Paul and Minneapolis
27163,"Washington County, Minnesota",St. Paul and Minneapolis,St. Paul and Minneapolis,St. Paul and Minneapolis
27003,"Anoka County, Minnesota",St. Paul and Minneapolis,St. Paul and Minneapolis,St. Paul and Minneapolis
27123,"Ramsey County, Minnesota",St. Paul and Minneapolis,St. Paul and Minneapolis,St. Paul and Minneapolis
27171,"Wright County, Minnesota",St. Paul and Minneapolis,St. Paul and Minneapolis,St. Paul and Minneapolis
27131,"Rice County, Minnesota",St. Paul and Minneapolis,St. Paul and Minneapolis,St. Paul and Minneapolis
12017,"Citrus County, Florida",St. Petersburg,St. Petersburg,Miami
12057,"Hillsborough County, Florida",St. Petersburg,St. Petersburg,Miami
12101,"Pasco County, Florida",St. Petersburg,St. Petersburg,Miami
12103,"Pinellas County, Florida",St. Petersburg,St. Petersburg,Miami
12053,"Hernando County, Florida",St. Petersburg,St. Petersburg,Miami
78030,"St. Thomas Island, Virgin Islands",St. Thomas,St. Thomas,Washington
78020,"St. John Island, Virgin Islands",St. Thomas,St. Thomas,Washington
78010,"St. Croix Island, Virgin Islands",St. Thomas,St. Thomas,Washington
39019,"Carroll County, Ohio",Steubenville,Steubenville,Cincinnati
39087,"Lawrence County, Ohio",Steubenville,Steubenville,Cincinnati
39111,"Monroe County, Ohio",Steubenville,Steubenville,Cincinnati
39105,"Meigs County, Ohio",Steubenville,Steubenville,Cincinnati
39167,"Washington County, Ohio",Steubenville,Steubenville,Cincinnati
39009,"Athens County, Ohio",Steubenville,Steubenville,Cincinnati
39013,"Belmont County, Ohio",Steubenville,Steubenville,Cincinnati
39121,"Noble County, Ohio",Steubenville,Steubenville,Cincinnati
39081,"Jefferson County, Ohio",Steubenville,Steubenville,Cincinnati
39115,"Morgan County, Ohio",Steubenville,Steubenville,Cincinnati
39059,"Guernsey County, Ohio",Steubenville,Steubenville,Cincinnati
39067,"Harrison County, Ohio",Steubenville,Steubenville,Cincinnati
39053,"Gallia County, Ohio",Steubenville,Steubenville,Cincinnati
06109,"Tuolumne County, California",Stockton,Stockton,San Francisco
06077,"San Joaquin County, California",Stockton,Stockton,San Francisco
06051,"Mono County, California",Stockton,Stockton,San Francisco
06003,"Alpine County, California",Stockton,Stockton,San Francisco
06009,"Calaveras County, California",Stockton,Stockton,San Francisco
06099,"Stanislaus County, California",Stockton,Stockton,San Francisco
55085,"Oneida County, Wisconsin",Superior,Superior,Milwaukee
55013,"Burnett County, Wisconsin",Superior,Superior,Milwaukee
55003,"Ashland County, Wisconsin",Superior,Superior,Milwaukee
55119,"Taylor County, Wisconsin",Superior,Superior,Milwaukee
55069,"Lincoln County, Wisconsin",Superior,Superior,Milwaukee
55129,"Washburn County, Wisconsin",Superior,Superior,Milwaukee
55107,"Rusk County, Wisconsin",Superior,Superior,Milwaukee
55109,"St. Croix County, Wisconsin",Superior,Superior,Milwaukee
55031,"Douglas County, Wisconsin",Superior,Superior,Milwaukee
55095,"Polk County, Wisconsin",Superior,Superior,Milwaukee
55099,"Price County, Wisconsin",Superior,Superior,Milwaukee
55007,"Bayfield County, Wisconsin",Superior,Superior,Milwaukee
55113,"Sawyer County, Wisconsin",Superior,Superior,Milwaukee
55051,"Iron County, Wisconsin",Superior,Superior,Milwaukee
55005,"Barron County, Wisconsin",Superior,Superior,Milwaukee
55125,"Vilas County, Wisconsin",Superior,Superior,Milwaukee
36017,"Chenango County, New York",Syracuse,Syracuse,New York
36065,"Oneida County, New York",Syracuse,Syracuse,New York
36067,"Onondaga County, New York",Syracuse,Syracuse,New York
36075,"Oswego County, New York",Syracuse,Syracuse,New York
36023,"Cortland County, New York",Syracuse,Syracuse,New York
36007,"Broome County, New York",Syracuse,Syracuse,New York
36053,"Madison County, New York",Syracuse,Syracuse,New York
39175,"Wyandot County, Ohio",Toledo,Toledo,Cincinnati
39003,"Allen County, Ohio",Toledo,Toledo,Cincinnati
39143,"Sandusky County, Ohio",Toledo,Toledo,Cincinnati
39123,"Ottawa County, Ohio",Toledo,Toledo,Cincinnati
39063,"Hancock County, Ohio",Toledo,Toledo,Cincinnati
39039,"Defiance County, Ohio",Toledo,Toledo,Cincinnati
39043,"Erie County, Ohio",Toledo,Toledo,Cincinnati
39095,"Lucas County, Ohio",Toledo,Toledo,Cincinnati
39147,"Seneca County, Ohio",Toledo,Toledo,Cincinnati
39139,"Richland County, Ohio",Toledo,Toledo,Cincinnati
39033,"Crawford County, Ohio",Toledo,Toledo,Cincinnati
39171,"Williams County, Ohio",Toledo,Toledo,Cincinnati
39173,"Wood County, Ohio",Toledo,Toledo,Cincinnati
39077,"Huron County, Ohio",Toledo,Toledo,Cincinnati
39125,"Paulding County, Ohio",Toledo,Toledo,Cincinnati
39137,"Putnam County, Ohio",Toledo,Toledo,Cincinnati
39069,"Henry County, Ohio",Toledo,Toledo,Cincinnati
39161,"Van Wert County, Ohio",Toledo,Toledo,Cincinnati
39051,"Fulton County, Ohio",Toledo,Toledo,Cincinnati
34005,"Burlington County, New Jersey",Trenton,Trenton,Newark
34029,"Ocean County, New Jersey",Trenton,Trenton,Newark
34025,"Monmouth County, New Jersey",Trenton,Trenton,Newark
34021,"Mercer County, New Jersey",Trenton,Trenton,Newark
04003,"Cochise County, Arizona",Tucson,Tucson,Santa Fe
04019,"Pima County, Arizona",Tucson,Tucson,Santa Fe
04021,"Pinal County, Arizona",Tucson,"Phoenix, Tucson",Santa Fe
04012,"La Paz County, Arizona",Tucson,Tucson,Santa Fe
04011,"Greenlee County, Arizona",Tucson,Tucson,Santa Fe
04007,"Gila County, Arizona",Tucson,Tucson,Santa Fe
04009,"Graham County, Arizona",Tucson,Tucson,Santa Fe
04027,"Yuma County, Arizona",Tucson,Tucson,Santa Fe
04023,"Santa Cruz County, Arizona",Tucson,Tucson,Santa Fe
40113,"Osage County, Oklahoma",Tulsa,Tulsa,Oklahoma City
40131,"Rogers County, Oklahoma",Tulsa,Tulsa,Oklahoma City
40107,"Okfuskee County, Oklahoma",Tulsa,Tulsa,Oklahoma City
40145,"Wagoner County, Oklahoma",Tulsa,Tulsa,Oklahoma City
40115,"Ottawa County, Oklahoma",Tulsa,Tulsa,Oklahoma City
40091,"McIntosh County, Oklahoma",Tulsa,Tulsa,Oklahoma City
40023,"Choctaw County, Oklahoma",Tulsa,Tulsa,Oklahoma City
40127,"Pushmataha County, Oklahoma",Tulsa,Tulsa,Oklahoma City
40041,"Delaware County, Oklahoma",Tulsa,Tulsa,Oklahoma City
40121,"Pittsburg County, Oklahoma",Tulsa,Tulsa,Oklahoma City
40101,"Muskogee County, Oklahoma",Tulsa,Tulsa,Oklahoma City
40143,"Tulsa County, Oklahoma",Tulsa,Tulsa,Oklahoma City
40063,"Hughes County, Oklahoma",Tulsa,Tulsa,Oklahoma City
40117,"Pawnee County, Oklahoma",Tulsa,Tulsa,Oklahoma City
40001,"Adair County, Oklahoma",Tulsa,Tulsa,Oklahoma City
40119,"Payne County, Oklahoma",Tulsa,Tulsa,Oklahoma City
40037,"Creek County, Oklahoma",Tulsa,Tulsa,Oklahoma City
40105,"Nowata County, Oklahoma",Tulsa,Tulsa,Oklahoma City
40135,"Sequoyah County, Oklahoma",Tulsa,Tulsa,Oklahoma City
40079,"Le Flore County, Oklahoma",Tulsa,Tulsa,Oklahoma City
40111,"Okmulgee County, Oklahoma",Tulsa,Tulsa,Oklahoma City
40029,"Coal County, Oklahoma",Tulsa,Tulsa,Oklahoma City
40147,"Washington County, Oklahoma",Tulsa,Tulsa,Oklahoma City
40013,"Bryan County, Oklahoma",Tulsa,Tulsa,Oklahoma City
40035,"Craig County, Oklahoma",Tulsa,Tulsa,Oklahoma City
40077,"Latimer County, Oklahoma",Tulsa,Tulsa,Oklahoma City
40089,"McCurtain County, Oklahoma",Tulsa,Tulsa,Oklahoma City
40005,"Atoka County, Oklahoma",Tulsa,Tulsa,Oklahoma City
40021,"Cherokee County, Oklahoma",Tulsa,Tulsa,Oklahoma City
40097,"Mayes County, Oklahoma",Tulsa,Tulsa,Oklahoma City
40061,"Haskell County, Oklahoma",Tulsa,Tulsa,Oklahoma City
48365,"Panola County, Texas",Tyler,Tyler,Galveston-Houston
48459,"Upshur County, Texas",Tyler,Tyler,Galveston-Houston
48455,"Trinity County, Texas",Tyler,Tyler,Galveston-Houston
48277,"Lamar County, Texas",Tyler,Tyler,Galveston-Houston
48001,"Anderson County, Texas",Tyler,Tyler,Galveston-Houston
48315,"Marion County, Texas",Tyler,Tyler,Galveston-Houston
48159,"Franklin County, Texas",Tyler,Tyler,Galveston-Houston
48467,"Van Zandt County, Texas",Tyler,Tyler,Galveston-Houston
48161,"Freestone County, Texas",Tyler,Tyler,Galveston-Houston
48213,"Henderson County, Texas",Tyler,Tyler,Galveston-Houston
48063,"Camp County, Texas",Tyler,Tyler,Galveston-Houston
48119,"Delta County, Texas",Tyler,Tyler,Galveston-Houston
48183,"Gregg County, Texas",Tyler,Tyler,Galveston-Houston
48289,"Leon County, Texas",Tyler,Tyler,Galveston-Houston
48401,"Rusk County, Texas",Tyler,Tyler,Galveston-Houston
48387,"Red River County, Texas",Tyler,Tyler,Galveston-Houston
48403,"Sabine County, Texas",Tyler,Tyler,Galveston-Houston
48423,"Smith County, Texas",Tyler,Tyler,Galveston-Houston
48005,"Angelina County, Texas",Tyler,Tyler,Galveston-Houston
48343,"Morris County, Texas",Tyler,Tyler,Galveston-Houston
48037,"Bowie County, Texas",Tyler,Tyler,Galveston-Houston
48379,"Rains County, Texas",Tyler,Tyler,Galveston-Houston
48223,"Hopkins County, Texas",Tyler,Tyler,Galveston-Houston
48419,"Shelby County, Texas",Tyler,Tyler,Galveston-Houston
48347,"Nacogdoches County, Texas",Tyler,Tyler,Galveston-Houston
48073,"Cherokee County, Texas",Tyler,Tyler,Galveston-Houston
48225,"Houston County, Texas",Tyler,Tyler,Galveston-Houston
48449,"Titus County, Texas",Tyler,Tyler,Galveston-Houston
48203,"Harrison County, Texas",Tyler,Tyler,Galveston-Houston
48405,"San Augustine County, Texas",Tyler,Tyler,Galveston-Houston
48067,"Cass County, Texas",Tyler,Tyler,Galveston-Houston
48313,"Madison County, Texas",Tyler,Tyler,Galveston-Houston
48499,"Wood County, Texas",Tyler,Tyler,Galveston-Houston
12081,"Manatee County, Florida",Venice,Venice,Miami
12015,"Charlotte County, Florida",Venice,Venice,Miami
12115,"Sarasota County, Florida",Venice,Venice,Miami
12071,"Lee County, Florida",Venice,Venice,Miami
12055,"Highlands County, Florida",Venice,Venice,Miami
12027,"DeSoto County, Florida",Venice,Venice,Miami
12049,"Hardee County, Florida",Venice,Venice,Miami
12051,"Hendry County, Florida",Venice,Venice,Miami
12021,"Collier County, Florida",Venice,Venice,Miami
12043,"Glades County, Florida",Venice,Venice,Miami
48123,"DeWitt County, Texas",Victoria in Texas,Victoria in Texas,Galveston-Houston
48321,"Matagorda County, Texas",Victoria in Texas,Victoria in Texas,Galveston-Houston
48239,"Jackson County, Texas",Victoria in Texas,Victoria in Texas,Galveston-Houston
48175,"Goliad County, Texas",Victoria in Texas,Victoria in Texas,Galveston-Houston
48149,"Fayette County, Texas",Victoria in Texas,"Austin, Victoria",Galveston-Houston
48285,"Lavaca County, Texas",Victoria in Texas,Victoria in Texas,Galveston-Houston
48089,"Colorado County, Texas",Victoria in Texas,Victoria in Texas,Galveston-Houston
48481,"Wharton County, Texas",Victoria in Texas,Victoria in Texas,Galveston-Houston
48469,"Victoria County, Texas",Victoria in Texas,Victoria in Texas,Galveston-Houston
48057,"Calhoun County, Texas",Victoria in Texas,Victoria in Texas,Galveston-Houston
11001,"District of Columbia, District of Columbia",Washington,Washington,Washington
24031,"Montgomery County, Maryland",Washington,Washington,Washington
24033,"Prince George's County, Maryland",Washington,Washington,Washington
24009,"Calvert County, Maryland",Washington,Washington,Washington
24037,"St. Mary's County, Maryland",Washington,Washington,Washington
24017,"Charles County, Maryland",Washington,Washington,Washington
54059,"Mingo County, West Virginia",Wheeling-Charleston,Wheeling-Charleston,Baltimore
54099,"Wayne County, West Virginia",Wheeling-Charleston,Wheeling-Charleston,Baltimore
54027,"Hampshire County, West Virginia",Wheeling-Charleston,Wheeling-Charleston,Baltimore
54071,"Pendleton County, West Virginia",Wheeling-Charleston,Wheeling-Charleston,Baltimore
54031,"Hardy County, West Virginia",Wheeling-Charleston,Wheeling-Charleston,Baltimore
54011,"Cabell County, West Virginia",Wheeling-Charleston,Wheeling-Charleston,Baltimore
54049,"Marion County, West Virginia",Wheeling-Charleston,Wheeling-Charleston,Baltimore
54083,"Randolph County, West Virginia",Wheeling-Charleston,Wheeling-Charleston,Baltimore
54077,"Preston County, West Virginia",Wheeling-Charleston,Wheeling-Charleston,Baltimore
54085,"Ritchie County, West Virginia",Wheeling-Charleston,Wheeling-Charleston,Baltimore
54025,"Greenbrier County, West Virginia",Wheeling-Charleston,Wheeling-Charleston,Baltimore
54037,"Jefferson County, West Virginia",Wheeling-Charleston,Wheeling-Charleston,Baltimore
54055,"Mercer County, West Virginia",Wheeling-Charleston,Wheeling-Charleston,Baltimore
54047,"McDowell County, West Virginia",Wheeling-Charleston,Wheeling-Charleston,Baltimore
54051,"Marshall County, West Virginia",Wheeling-Charleston,Wheeling-Charleston,Baltimore
54035,"Jackson County, West Virginia",Wheeling-Charleston,Wheeling-Charleston,Baltimore
54095,"Tyler County, West Virginia",Wheeling-Charleston,Wheeling-Charleston,Baltimore
54105,"Wirt County, West Virginia",Wheeling-Charleston,Wheeling-Charleston,Baltimore
54017,"Doddridge County, West Virginia",Wheeling-Charleston,Wheeling-Charleston,Baltimore
54041,"Lewis County, West Virginia",Wheeling-Charleston,Wheeling-Charleston,Baltimore
54063,"Monroe County, West Virginia",Wheeling-Charleston,Wheeling-Charleston,Baltimore
54023,"Grant County, West Virginia",Wheeling-Charleston,Wheeling-Charleston,Baltimore
54061,"Monongalia County, West Virginia",Wheeling-Charleston,Wheeling-Charleston,Baltimore
54057,"Mineral County, West Virginia",Wheeling-Charleston,Wheeling-Charleston,Baltimore
54109,"Wyoming County, West Virginia",Wheeling-Charleston,Wheeling-Charleston,Baltimore
54087,"Roane County, West Virginia",Wheeling-Charleston,Wheeling-Charleston,Baltimore
54007,"Braxton County, West Virginia",Wheeling-Charleston,Wheeling-Charleston,Baltimore
54003,"Berkeley County, West Virginia",Wheeling-Charleston,Wheeling-Charleston,Baltimore
54089,"Summers County, West Virginia",Wheeling-Charleston,Wheeling-Charleston,Baltimore
54097,"Upshur County, West Virginia",Wheeling-Charleston,Wheeling-Charleston,Baltimore
54039,"Kanawha County, West Virginia",Wheeling-Charleston,Wheeling-Charleston,Baltimore
54075,"Pocahontas County, West Virginia",Wheeling-Charleston,Wheeling-Charleston,Baltimore
54065,"Morgan County, West Virginia",Wheeling-Charleston,Wheeling-Charleston,Baltimore
54069,"Ohio County, West Virginia",Wheeling-Charleston,Wheeling-Charleston,Baltimore
54033,"Harrison County, West Virginia",Wheeling-Charleston,Wheeling-Charleston,Baltimore
54101,"Webster County, West Virginia",Wheeling-Charleston,Wheeling-Charleston,Baltimore
54079,"Putnam County, West Virginia",Wheeling-Charleston,Wheeling-Charleston,Baltimore
54043,"Lincoln County, West Virginia",Wheeling-Charleston,Wheeling-Charleston,Baltimore
54013,"Calhoun County, West Virginia",Wheeling-Charleston,Wheeling-Charleston,Baltimore
54009,"Brooke County, West Virginia",Wheeling-Charleston,Wheeling-Charleston,Baltimore
54021,"Gilmer County, West Virginia",Wheeling-Charleston,Wheeling-Charleston,Baltimore
54019,"Fayette County, West Virginia",Wheeling-Charleston,Wheeling-Charleston,Baltimore
54029,"Hancock County, West Virginia",Wheeling-Charleston,Wheeling-Charleston,Baltimore
54091,"Taylor County, West Virginia",Wheeling-Charleston,Wheeling-Charleston,Baltimore
54067,"Nicholas County, West Virginia",Wheeling-Charleston,Wheeling-Charleston,Baltimore
54001,"Barbour County, West Virginia",Wheeling-Charleston,Wheeling-Charleston,Baltimore
54103,"Wetzel County, West Virginia",Wheeling-Charleston,Wheeling-Charleston,Baltimore
54005,"Boone County, West Virginia",Wheeling-Charleston,Wheeling-Charleston,Baltimore
54107,"Wood County, West Virginia",Wheeling-Charleston,Wheeling-Charleston,Baltimore
54073,"Pleasants County, West Virginia",Wheeling-Charleston,Wheeling-Charleston,Baltimore
54081,"Raleigh County, West Virginia",Wheeling-Charleston,Wheeling-Charleston,Baltimore
54053,"Mason County, West Virginia",Wheeling-Charleston,Wheeling-Charleston,Baltimore
54045,"Logan County, West Virginia",Wheeling-Charleston,Wheeling-Charleston,Baltimore
54093,"Tucker County, West Virginia",Wheeling-Charleston,Wheeling-Charleston,Baltimore
54015,"Clay County, West Virginia",Wheeling-Charleston,Wheeling-Charleston,Baltimore
20021,"Cherokee County, Kansas",Wichita,Wichita,Kansas City in Kansas
20191,"Sumner County, Kansas",Wichita,Wichita,Kansas City in Kansas
20015,"Butler County, Kansas",Wichita,Wichita,Kansas City in Kansas
20011,"Bourbon County, Kansas",Wichita,Wichita,Kansas City in Kansas
20133,"Neosho County, Kansas",Wichita,Wichita,Kansas City in Kansas
20155,"Reno County, Kansas",Wichita,Wichita,Kansas City in Kansas
20001,"Allen County, Kansas",Wichita,Wichita,Kansas City in Kansas
20019,"Chautauqua County, Kansas",Wichita,Wichita,Kansas City in Kansas
20073,"Greenwood County, Kansas",Wichita,Wichita,Kansas City in Kansas
20049,"Elk County, Kansas",Wichita,Wichita,Kansas City in Kansas
20077,"Harper County, Kansas",Wichita,Wichita,Kansas City in Kansas
20079,"Harvey County, Kansas",Wichita,Wichita,Kansas City in Kansas
20125,"Montgomery County, Kansas",Wichita,Wichita,Kansas City in Kansas
20113,"McPherson County, Kansas",Wichita,Wichita,Kansas City in Kansas
20099,"Labette County, Kansas",Wichita,Wichita,Kansas City in Kansas
20205,"Wilson County, Kansas",Wichita,Wichita,Kansas City in Kansas
20095,"Kingman County, Kansas",Wichita,Wichita,Kansas City in Kansas
20035,"Cowley County, Kansas",Wichita,Wichita,Kansas City in Kansas
20207,"Woodson County, Kansas",Wichita,Wichita,Kansas City in Kansas
20037,"Crawford County, Kansas",Wichita,Wichita,Kansas City in Kansas
20017,"Chase County, Kansas",Wichita,Wichita,Kansas City in Kansas
20127,"Morris County, Kansas",Wichita,Wichita,Kansas City in Kansas
20173,"Sedgwick County, Kansas",Wichita,Wichita,Kansas City in Kansas
20159,"Rice County, Kansas",Wichita,Wichita,Kansas City in Kansas
20115,"Marion County, Kansas",Wichita,Wichita,Kansas City in Kansas
24019,"Dorchester County, Maryland",Wilmington,Wilmington,Baltimore
24015,"Cecil County, Maryland",Wilmington,Wilmington,Baltimore
10003,"New Castle County, Delaware",Wilmington,Wilmington,Baltimore
24047,"Worcester County, Maryland",Wilmington,Wilmington,Baltimore
24035,"Queen Anne's County, Maryland",Wilmington,Wilmington,Baltimore
24041,"Talbot County, Maryland",Wilmington,Wilmington,Baltimore
10001,"Kent County, Delaware",Wilmington,Wilmington,Baltimore
24011,"Caroline County, Maryland",Wilmington,Wilmington,Baltimore
10005,"Sussex County, Delaware",Wilmington,Wilmington,Baltimore
24045,"Wicomico County, Maryland",Wilmington,Wilmington,Baltimore
24029,"Kent County, Maryland",Wilmington,Wilmington,Baltimore
24039,"Somerset County, Maryland",Wilmington,Wilmington,Baltimore
27109,"Olmsted County, Minnesota",Winona-Rochester,Winona-Rochester,St. Paul and Minneapolis
27133,"Rock County, Minnesota",Winona-Rochester,Winona-Rochester,St. Paul and Minneapolis
27063,"Jackson County, Minnesota",Winona-Rochester,Winona-Rochester,St. Paul and Minneapolis
27043,"Faribault County, Minnesota",Winona-Rochester,Winona-Rochester,St. Paul and Minneapolis
27161,"Waseca County, Minnesota",Winona-Rochester,Winona-Rochester,St. Paul and Minneapolis
27091,"Martin County, Minnesota",Winona-Rochester,Winona-Rochester,St. Paul and Minneapolis
27033,"Cottonwood County, Minnesota",Winona-Rochester,Winona-Rochester,St. Paul and Minneapolis
27117,"Pipestone County, Minnesota",Winona-Rochester,Winona-Rochester,St. Paul and Minneapolis
27039,"Dodge County, Minnesota",Winona-Rochester,Winona-Rochester,St. Paul and Minneapolis
27105,"Nobles County, Minnesota",Winona-Rochester,Winona-Rochester,St. Paul and Minneapolis
27055,"Houston County, Minnesota",Winona-Rochester,Winona-Rochester,St. Paul and Minneapolis
27045,"Fillmore County, Minnesota",Winona-Rochester,Winona-Rochester,St. Paul and Minneapolis
27157,"Wabasha County, Minnesota",Winona-Rochester,Winona-Rochester,St. Paul and Minneapolis
27101,"Murray County, Minnesota",Winona-Rochester,Winona-Rochester,St. Paul and Minneapolis
27099,"Mower County, Minnesota",Winona-Rochester,Winona-Rochester,St. Paul and Minneapolis
27169,"Winona County, Minnesota",Winona-Rochester,Winona-Rochester,St. Paul and Minneapolis
27147,"Steele County, Minnesota",Winona-Rochester,Winona-Rochester,St. Paul and Minneapolis
27013,"Blue Earth County, Minnesota",Winona-Rochester,Winona-Rochester,St. Paul and Minneapolis
27165,"Watonwan County, Minnesota",Winona-Rochester,Winona-Rochester,St. Paul and Minneapolis
27047,"Freeborn County, Minnesota",Winona-Rochester,Winona-Rochester,St. Paul and Minneapolis
25027,"Worcester County, Massachusetts",Worcester,Worcester,Boston
53039,"Klickitat County, Washington",Yakima,Yakima,Seattle
53005,"Benton County, Washington",Yakima,Yakima,Seattle
53017,"Douglas County, Washington",Yakima,Yakima,Seattle
53025,"Grant County, Washington",Yakima,Yakima,Seattle
53007,"Chelan County, Washington",Yakima,Yakima,Seattle
53077,"Yakima County, Washington",Yakima,Yakima,Seattle
53037,"Kittitas County, Washington",Yakima,Yakima,Seattle
39155,"Trumbull County, Ohio",Youngstown,Youngstown,Cincinnati
39099,"Mahoning County, Ohio",Youngstown,Youngstown,Cincinnati
39133,"Portage County, Ohio",Youngstown,Youngstown,Cincinnati
39151,"Stark County, Ohio",Youngstown,Youngstown,Cincinnati
39007,"Ashtabula County, Ohio",Youngstown,Youngstown,Cincinnati
39029,"Columbiana County, Ohio",Youngstown,Youngstown,Cincinnati
